ts,time,wall_time,mp_count.O,real_count.O,px.O,py.O,pz.O,KE.O,mp_count.O+,real_count.O+,px.O+,py.O+,pz.O+,KE.O+,mp_count.O++,real_count.O++,px.O++,py.O++,pz.O++,KE.O++,PE,E_total
0,1e-07,0.00902305,2800,2.8e+08,0,0,5.20745e-14,1.82261e-10,44800,224000,0,0,4.72376e-17,1.87469e-13,5600,28000,0,0,6.60195e-18,2.92946e-14,6.87429e-08,6.89254e-08
1,2e-07,0.0716373,5600,5.6e+08,0,0,1.04149e-13,3.64522e-10,89600,448000,-2.60575e-23,7.89177e-23,1.01322e-16,4.35013e-13,11200,56000,-9.05949e-24,2.08033e-23,1.4903e-17,7.64992e-14,6.74584e-08,6.78235e-08
2,3e-07,0.0822105,8400,8.4e+08,0,0,1.56224e-13,5.46782e-10,134400,672000,-9.10156e-23,7.75565e-23,1.60329e-16,7.3171e-13,16800,84000,-3.73047e-23,1.96787e-23,2.44108e-17,1.39297e-13,6.67623e-08,6.73099e-08
3,4e-07,0.0923656,11200,1.12e+09,0,0,2.08298e-13,7.29043e-10,179200,896000,-1.46288e-22,-3.12306e-23,2.233e-16,1.0717e-12,22400,112000,-6.00543e-23,-2.06007e-23,3.48766e-17,2.16212e-13,6.6308e-08,6.70383e-08
4,5e-07,0.103772,14000,1.4e+09,0,0,2.60373e-13,9.11304e-10,223999,1.12e+06,-2.73457e-22,-2.95962e-22,2.89596e-16,1.45073e-12,28000,140000,-1.03831e-22,-1.18528e-22,4.61375e-17,3.06065e-13,6.59839e-08,6.6897e-08
5,6e-07,0.120951,16800,1.68e+09,0,0,3.12447e-13,1.09356e-09,268797,1.34398e+06,-4.40001e-22,-7.45336e-22,3.5879e-16,1.86586e-12,33599,167995,-1.65953e-22,-2.83656e-22,5.80865e-17,4.08055e-13,6.57401e-08,6.68359e-08
6,7e-07,0.134865,19600,1.96e+09,0,0,3.64522e-13,1.27583e-09,313596,1.56798e+06,-5.85761e-22,-1.31063e-21,4.30609e-16,2.31539e-12,39199,195995,-2.39267e-22,-4.95144e-22,7.06665e-17,5.21887e-13,6.55133e-08,6.6792e-08
7,8e-07,0.150088,22400,2.24e+09,0,0,4.16596e-13,1.45809e-09,358395,1.79198e+06,-6.22223e-22,-1.92194e-21,5.05216e-16,2.8011e-12,44798,223990,-3.09116e-22,-7.27329e-22,8.38646e-17,6.47133e-13,6.52941e-08,6.67556e-08
8,9e-07,0.166791,25200,2.52e+09,0,0,4.68671e-13,1.64035e-09,403193,2.01596e+06,-6.02147e-22,-2.43804e-21,5.82807e-16,3.32269e-12,50397,251985,-3.9672e-22,-9.4063e-22,9.76164e-17,7.81127e-13,6.5196e-08,6.68405e-08
9,1e-06,0.184407,28000,2.8e+09,0,0,5.20745e-13,1.82261e-09,447989,2.23994e+06,-3.7641e-22,-2.60387e-21,6.62827e-16,3.87357e-12,55997,279985,-4.64619e-22,-1.17472e-21,1.11827e-16,9.22396e-13,6.51579e-08,6.69853e-08
10,1.1e-06,0.20369,30800,3.08e+09,0,0,5.7282e-13,2.00487e-09,492786,2.46393e+06,3.52221e-22,-2.71878e-21,7.44836e-16,4.44979e-12,61596,307980,-4.47037e-22,-1.37438e-21,1.26438e-16,1.07076e-12,6.51511e-08,6.71615e-08
11,1.2e-06,0.235153,33600,3.36e+09,0,0,6.24894e-13,2.18713e-09,537582,2.68791e+06,1.53651e-21,-2.73404e-21,8.28658e-16,5.05008e-12,67194,335970,-3.44989e-22,-1.54647e-21,1.41432e-16,1.22633e-12,6.49834e-08,6.71768e-08
12,1.3e-06,0.257365,36400,3.64e+09,0,0,6.76969e-13,2.36939e-09,582379,2.9119e+06,3.12556e-21,-2.5248e-21,9.13771e-16,5.66745e-12,72794,363970,-1.37692e-22,-1.63984e-21,1.56523e-16,1.38311e-12,6.49449e-08,6.73213e-08
13,1.4e-06,0.280767,39200,3.92e+09,0,0,7.29043e-13,2.55165e-09,627171,3.13586e+06,5.32079e-21,-2.04334e-21,9.99901e-16,6.29829e-12,78393,391965,1.72372e-22,-1.77341e-21,1.71744e-16,1.54221e-12,6.49465e-08,6.7506e-08
14,1.5e-06,0.305495,42000,4.2e+09,0,0,7.81118e-13,2.73391e-09,671961,3.3598e+06,7.89288e-21,-1.07338e-21,1.08678e-15,6.93866e-12,83990,419950,6.50001e-22,-2.16158e-21,1.87131e-16,1.70483e-12,6.49645e-08,6.77071e-08
15,1.6e-06,0.331736,44800,4.48e+09,0,0,8.33192e-13,2.91617e-09,716755,3.58378e+06,1.07059e-20,9.27783e-23,1.17414e-15,7.58487e-12,89586,447930,1.06456e-21,-2.53598e-21,2.02728e-16,1.87228e-12,6.48312e-08,6.77568e-08
16,1.7e-06,0.359304,47600,4.76e+09,0,0,8.85267e-13,3.09843e-09,761544,3.80772e+06,1.35193e-20,7.56199e-22,1.26191e-15,8.23651e-12,95185,475925,1.46108e-21,-2.76819e-21,2.1828e-16,2.03832e-12,6.48199e-08,6.79286e-08
17,1.8e-06,0.387657,50400,5.04e+09,0,0,9.37341e-13,3.28069e-09,806325,4.03162e+06,1.61768e-20,1.22612e-21,1.34994e-15,8.89173e-12,100780,503900,1.86401e-21,-2.8243e-21,2.33844e-16,2.20485e-12,6.48342e-08,6.8126e-08
18,1.9e-06,0.417759,53200,5.32e+09,0,0,9.89416e-13,3.46295e-09,851097,4.25548e+06,1.8777e-20,1.57689e-21,1.43816e-15,9.54949e-12,106378,531890,2.21728e-21,-3.08511e-21,2.4947e-16,2.37294e-12,6.48627e-08,6.83376e-08
19,2e-06,0.451006,56000,5.6e+09,0,0,1.04149e-12,3.64522e-09,895883,4.47942e+06,2.10171e-20,2.01472e-21,1.52653e-15,1.02091e-11,111970,559850,2.52408e-21,-3.66106e-21,2.65202e-16,2.54425e-12,6.47402e-08,6.83982e-08
20,2.1e-06,0.483776,58800,5.88e+09,0,0,1.09356e-12,3.82748e-09,940661,4.7033e+06,2.32566e-20,2.24022e-21,1.61506e-15,1.08715e-11,117566,587830,2.85722e-21,-4.36975e-21,2.80832e-16,2.71268e-12,6.47483e-08,6.85893e-08
21,2.2e-06,0.568352,61600,6.16e+09,0,0,1.14564e-12,4.00974e-09,985446,4.92723e+06,2.54185e-20,1.77257e-21,1.70371e-15,1.15355e-11,123163,615815,3.36217e-21,-5.06223e-21,2.96477e-16,2.88157e-12,6.47705e-08,6.87947e-08
22,2.3e-06,0.603682,64400,6.44e+09,0,0,1.19771e-12,4.192e-09,1030227,5.15114e+06,2.73008e-20,8.61262e-22,1.79241e-15,1.22005e-11,128760,643800,3.80118e-21,-5.53822e-21,3.12174e-16,3.05198e-12,6.47054e-08,6.89127e-08
23,2.4e-06,0.660553,67200,6.72e+09,0,0,1.24979e-12,4.37426e-09,1074996,5.37498e+06,2.91958e-20,-7.83277e-23,1.88106e-15,1.28648e-11,134349,671745,4.33065e-21,-6.28932e-21,3.27806e-16,3.221e-12,6.47004e-08,6.90908e-08
24,2.5e-06,0.698697,70000,7e+09,0,0,1.30186e-12,4.55652e-09,1119760,5.5988e+06,3.1034e-20,-3.4115e-22,1.9697e-15,1.35291e-11,139942,699710,4.90043e-21,-6.81088e-21,3.43435e-16,3.38977e-12,6.47176e-08,6.9291e-08
25,2.6e-06,0.738358,72800,7.28e+09,0,0,1.35394e-12,4.73878e-09,1164525,5.82262e+06,3.32433e-20,-4.02396e-22,2.05835e-15,1.41937e-11,145532,727660,5.47073e-21,-7.55561e-21,3.59089e-16,3.55948e-12,6.4734e-08,6.94905e-08
26,2.7e-06,0.779436,75600,7.56e+09,0,0,1.40601e-12,4.92104e-09,1209283,6.04642e+06,3.58055e-20,-8.3518e-22,2.1471e-15,1.48604e-11,151115,755575,6.03351e-21,-8.4525e-21,3.74799e-16,3.73113e-12,6.46662e-08,6.96059e-08
27,2.8e-06,0.824286,78400,7.84e+09,0,0,1.45809e-12,5.1033e-09,1254041,6.2702e+06,3.8835e-20,-1.66121e-21,2.23576e-15,1.55256e-11,156705,783525,7.15019e-21,-8.86621e-21,3.90415e-16,3.89984e-12,6.46847e-08,6.98074e-08
28,2.9e-06,0.868206,81200,8.12e+09,0,0,1.51016e-12,5.28556e-09,1298804,6.49402e+06,4.29809e-20,-2.16038e-21,2.32443e-15,1.61912e-11,162288,811440,7.9975e-21,-9.28038e-21,4.06021e-16,4.06875e-12,6.47032e-08,7.00091e-08
29,3e-06,0.913155,84000,8.4e+09,0,0,1.56224e-12,5.46782e-09,1343567,6.71784e+06,4.79646e-20,-2.31264e-21,2.41305e-15,1.68561e-11,167874,839370,9.33889e-21,-9.93307e-21,4.21699e-16,4.23973e-12,6.46462e-08,7.01352e-08
30,3.1e-06,0.96048,86800,8.68e+09,0,0,1.61431e-12,5.65008e-09,1388315,6.94158e+06,5.4111e-20,-2.38973e-21,2.50164e-15,1.75209e-11,173455,867275,1.14463e-20,-1.04647e-20,4.37281e-16,4.40814e-12,6.46654e-08,7.03375e-08
31,3.2e-06,1.00905,89600,8.96e+09,0,0,1.66638e-12,5.83234e-09,1433048,7.16524e+06,6.03407e-20,-2.20935e-21,2.59019e-15,1.81857e-11,179040,895200,1.38434e-20,-1.07671e-20,4.52889e-16,4.57718e-12,6.46919e-08,7.0547e-08
32,3.3e-06,1.05801,92400,9.24e+09,0,0,1.71846e-12,6.0146e-09,1477796,7.38898e+06,6.72134e-20,-1.78999e-21,2.6788e-15,1.88514e-11,184620,923100,1.59377e-20,-1.06552e-20,4.68515e-16,4.74716e-12,6.47602e-08,7.07984e-08
33,3.4e-06,1.10941,95200,9.52e+09,0,0,1.77053e-12,6.19687e-09,1522533,7.61266e+06,7.44151e-20,-1.18266e-21,2.76732e-15,1.95157e-11,190200,951000,1.71957e-20,-1.06727e-20,4.84098e-16,4.91584e-12,6.48456e-08,7.10669e-08
34,3.5e-06,1.16238,98000,9.8e+09,0,0,1.82261e-12,6.37913e-09,1567239,7.8362e+06,8.14841e-20,-8.84668e-22,2.85577e-15,2.01796e-11,195785,978925,1.93402e-20,-1.09931e-20,4.99697e-16,5.08478e-12,6.49063e-08,7.13106e-08
35,3.6e-06,1.2177,100800,1.008e+10,0,0,1.87468e-12,6.56139e-09,1611965,8.05982e+06,8.7994e-20,-5.91694e-22,2.94423e-15,2.08434e-11,201369,1.00684e+06,2.13894e-20,-1.11875e-20,5.15333e-16,5.25509e-12,6.5077e-08,7.16645e-08
36,3.7e-06,1.27269,103600,1.036e+10,0,0,1.92676e-12,6.74365e-09,1656692,8.28346e+06,9.41056e-20,-3.26139e-22,3.03272e-15,2.15079e-11,206946,1.03473e+06,2.31045e-20,-1.1065e-20,5.30942e-16,5.42507e-12,6.52354e-08,7.2006e-08
37,3.8e-06,1.32861,106400,1.064e+10,0,0,1.97883e-12,6.92591e-09,1701401,8.507e+06,9.97708e-20,-5.3415e-24,3.12116e-15,2.2172e-11,212509,1.06254e+06,2.4765e-20,-1.12321e-20,5.4657e-16,5.59671e-12,6.53172e-08,7.22708e-08
38,3.9e-06,1.38614,109200,1.092e+10,0,0,2.03091e-12,7.10817e-09,1746112,8.73056e+06,1.05384e-19,-3.51319e-22,3.20958e-15,2.28357e-11,218007,1.09004e+06,2.75996e-20,-1.04294e-20,5.61961e-16,5.76575e-12,6.56027e-08,7.27395e-08
39,4e-06,1.44477,112000,1.12e+10,0,0,2.08298e-12,7.29043e-09,1790824,8.95412e+06,1.11232e-19,-3.05438e-22,3.29797e-15,2.3499e-11,223402,1.11701e+06,2.65868e-20,-1.35274e-20,5.7672e-16,5.92097e-12,6.58527e-08,7.31725e-08
40,4.1e-06,1.50487,114800,1.148e+10,0,0,2.13505e-12,7.47269e-09,1835513,9.17756e+06,1.17038e-19,-6.70724e-22,3.3863e-15,2.41618e-11,228836,1.14418e+06,3.06363e-20,-1.01636e-20,5.91693e-16,6.08006e-12,6.60058e-08,7.35087e-08
41,4.2e-06,1.6198,117600,1.176e+10,0,0,2.18713e-12,7.65495e-09,1880199,9.401e+06,1.24147e-19,-1.22282e-21,3.47463e-15,2.48247e-11,234241,1.1712e+06,2.19817e-20,-1.07965e-20,6.06659e-16,6.24108e-12,6.62716e-08,7.39576e-08
42,4.3e-06,1.6827,120400,1.204e+10,0,0,2.2392e-12,7.83721e-09,1924909,9.62454e+06,1.3164e-19,-2.85793e-21,3.56305e-15,2.5489e-11,239593,1.19796e+06,2.9589e-20,-8.74217e-21,6.21362e-16,6.3976e-12,6.64443e-08,7.43134e-08
43,4.4e-06,1.74764,123200,1.232e+10,0,0,2.29128e-12,8.01947e-09,1969614,9.84807e+06,1.39265e-19,-4.94272e-21,3.65141e-15,2.61521e-11,244897,1.22448e+06,4.26649e-20,-1.84486e-20,6.35832e-16,6.54951e-12,6.66071e-08,7.46593e-08
44,4.5e-06,1.81336,126000,1.26e+10,0,0,2.34335e-12,8.20173e-09,2014308,1.00715e+07,1.47719e-19,-7.23988e-21,3.73972e-15,2.68147e-11,250244,1.25122e+06,4.62814e-20,-2.29464e-20,6.50563e-16,6.70698e-12,6.69497e-08,7.5185e-08
45,4.6e-06,1.88012,128800,1.288e+10,0,0,2.39543e-12,8.38399e-09,2059001,1.0295e+07,1.56333e-19,-9.95328e-21,3.82803e-15,2.74773e-11,255559,1.2778e+06,5.05225e-20,-1.74238e-20,6.65181e-16,6.86341e-12,6.71015e-08,7.55199e-08
46,4.7e-06,1.98359,131600,1.316e+10,0,0,2.4475e-12,8.56626e-09,2103664,1.05183e+07,1.64833e-19,-1.30869e-20,3.91629e-15,2.81398e-11,260801,1.304e+06,4.39786e-20,-9.73438e-21,6.79468e-16,7.01417e-12,6.72693e-08,7.58707e-08
47,4.8e-06,2.05601,134400,1.344e+10,0,0,2.49958e-12,8.74852e-09,2148322,1.07416e+07,1.72503e-19,-1.61123e-20,4.00457e-15,2.88028e-11,265969,1.32984e+06,5.24781e-20,-2.69573e-20,6.9345e-16,7.1594e-12,6.76282e-08,7.64127e-08
48,4.9e-06,2.12506,137200,1.372e+10,0,0,2.55165e-12,8.93078e-09,2192998,1.0965e+07,1.80034e-19,-1.87414e-20,4.09285e-15,2.94654e-11,271124,1.35562e+06,6.14593e-20,-4.76757e-20,7.07472e-16,7.30763e-12,6.77865e-08,7.67541e-08
49,5e-06,2.19517,140000,1.4e+10,0,0,2.60373e-12,9.11304e-09,2237678,1.11884e+07,1.87599e-19,-2.22316e-20,4.18113e-15,3.0128e-11,276240,1.3812e+06,4.91153e-20,-6.097e-20,7.21279e-16,7.45119e-12,6.78233e-08,7.69739e-08
50,5.1e-06,2.26652,142800,1.428e+10,0,0,2.6558e-12,9.2953e-09,2282349,1.14117e+07,1.94546e-19,-2.63082e-20,4.2694e-15,3.07908e-11,281368,1.40684e+06,5.00935e-20,-4.00579e-20,7.35277e-16,7.59979e-12,6.8206e-08,7.75397e-08
51,5.2e-06,2.34115,145600,1.456e+10,0,0,2.70787e-12,9.47756e-09,2327004,1.1635e+07,2.00471e-19,-2.98292e-20,4.35767e-15,3.14539e-11,286448,1.43224e+06,4.18677e-20,-2.43572e-20,7.48972e-16,7.74232e-12,6.8443e-08,7.79598e-08
52,5.3e-06,2.41826,148400,1.484e+10,0,0,2.75995e-12,9.65982e-09,2371647,1.18582e+07,2.04147e-19,-3.12809e-20,4.446e-15,3.21188e-11,291477,1.45738e+06,4.96895e-20,-2.42441e-20,7.62507e-16,7.88259e-12,6.85239e-08,7.82237e-08
53,5.4e-06,2.49352,151200,1.512e+10,0,0,2.81202e-12,9.84208e-09,2416293,1.20815e+07,2.07538e-19,-3.08865e-20,4.53451e-15,3.27875e-11,296550,1.48275e+06,3.29513e-20,-1.63777e-20,7.76336e-16,8.03018e-12,6.89344e-08,7.88173e-08
54,5.5e-06,2.57119,154000,1.54e+10,0,0,2.8641e-12,1.00243e-08,2460858,1.23043e+07,2.11546e-19,-2.95137e-20,4.62296e-15,3.34576e-11,301547,1.50774e+06,3.22112e-20,-5.54876e-20,7.89801e-16,8.171e-12,6.90908e-08,7.91568e-08
55,5.6e-06,2.66155,156800,1.568e+10,0,0,2.91617e-12,1.02066e-08,2505318,1.25266e+07,2.1993e-19,-3.08587e-20,4.71122e-15,3.41273e-11,306469,1.53234e+06,4.13169e-20,-4.80523e-20,8.03e-16,8.30792e-12,6.90497e-08,7.92987e-08
56,5.7e-06,2.74321,159600,1.596e+10,0,0,2.96825e-12,1.03889e-08,2549458,1.27473e+07,2.29452e-19,-4.84265e-20,4.79867e-15,3.47907e-11,311383,1.55692e+06,2.52589e-20,-6.09922e-20,8.16261e-16,8.44698e-12,6.95035e-08,7.99356e-08
57,5.8e-06,2.82732,162400,1.624e+10,0,0,3.02032e-12,1.05711e-08,2593275,1.29664e+07,2.16983e-19,-5.26692e-20,4.88495e-15,3.54378e-11,316229,1.58114e+06,4.33543e-20,-4.50609e-20,8.2918e-16,8.57939e-12,6.98004e-08,8.04155e-08
58,5.9e-06,2.91227,165200,1.652e+10,0,0,3.0724e-12,1.07534e-08,2636991,1.3185e+07,2.09935e-19,-4.55772e-20,4.97075e-15,3.60759e-11,321110,1.60555e+06,8.00187e-20,-6.40476e-20,8.42393e-16,8.7193e-12,6.99102e-08,8.07083e-08
59,6e-06,2.99614,168000,1.68e+10,0,0,3.12447e-12,1.09356e-08,2680725,1.34036e+07,2.02968e-19,-4.29173e-20,5.05677e-15,3.67184e-11,325920,1.6296e+06,4.33992e-20,-7.41314e-20,8.55323e-16,8.85443e-12,7.01235e-08,8.11047e-08
60,6.1e-06,3.0808,170800,1.708e+10,0,0,3.17654e-12,1.11179e-08,2724320,1.36216e+07,2.24038e-19,-5.65506e-20,5.14283e-15,3.73675e-11,330709,1.65354e+06,9.31091e-20,-1.07308e-19,8.6824e-16,8.99054e-12,7.02536e-08,8.14178e-08
61,6.2e-06,3.22079,173600,1.736e+10,0,0,3.22862e-12,1.13002e-08,2767560,1.38378e+07,2.26018e-19,-6.18715e-20,5.22777e-15,3.80039e-11,335449,1.67724e+06,3.57361e-20,-1.23231e-19,8.80999e-16,9.12428e-12,7.03822e-08,8.17295e-08
62,6.3e-06,3.30866,176400,1.764e+10,0,0,3.28069e-12,1.14824e-08,2810564,1.40528e+07,2.12829e-19,-7.30273e-20,5.31175e-15,3.86241e-11,340131,1.70066e+06,3.3057e-20,-1.28681e-19,8.93564e-16,9.25494e-12,7.05198e-08,8.20501e-08
63,6.4e-06,3.39798,179200,1.792e+10,0,0,3.33277e-12,1.16647e-08,2853677,1.42684e+07,1.9264e-19,-6.31781e-20,5.39639e-15,3.92549e-11,344773,1.72386e+06,1.68097e-20,-6.72762e-20,9.05955e-16,9.38317e-12,7.07313e-08,8.24446e-08
64,6.5e-06,3.48838,182000,1.82e+10,0,0,3.38484e-12,1.18469e-08,2896605,1.4483e+07,2.06574e-19,-5.84902e-20,5.48091e-15,3.98903e-11,349388,1.74694e+06,3.12182e-20,-6.29716e-20,9.18329e-16,9.51276e-12,7.09913e-08,8.28876e-08
65,6.6e-06,3.57944,184800,1.848e+10,0,0,3.43692e-12,1.20292e-08,2939171,1.46959e+07,2.16398e-19,-1.01067e-19,5.56426e-15,4.05121e-11,353949,1.76974e+06,-4.31896e-20,-6.35766e-20,9.30482e-16,9.63782e-12,7.11258e-08,8.32052e-08
66,6.7e-06,3.67213,187600,1.876e+10,0,0,3.48899e-12,1.22115e-08,2981673,1.49084e+07,2.39971e-19,-7.63748e-20,5.6475e-15,4.11322e-11,358504,1.79252e+06,-5.12743e-20,-8.94384e-20,9.42734e-16,9.76644e-12,7.11977e-08,8.346e-08
67,6.8e-06,3.76569,190400,1.904e+10,0,0,3.54107e-12,1.23937e-08,3024034,1.51202e+07,2.41538e-19,-9.41496e-20,5.73052e-15,4.17513e-11,363063,1.81532e+06,-2.33297e-20,-1.17918e-19,9.5502e-16,9.8961e-12,7.14053e-08,8.38507e-08
68,6.9e-06,3.86063,193200,1.932e+10,0,0,3.59314e-12,1.2576e-08,3066191,1.5331e+07,2.43101e-19,-8.68789e-20,5.81302e-15,4.23654e-11,367562,1.83781e+06,6.50946e-20,-1.16216e-19,9.67083e-16,1.00217e-11,7.15968e-08,8.42252e-08
69,7e-06,3.9593,196000,1.96e+10,0,0,3.64522e-12,1.27583e-08,3108287,1.55414e+07,2.06312e-19,-6.74654e-20,5.89557e-15,4.29819e-11,372074,1.86037e+06,1.42111e-20,-1.82302e-19,9.79298e-16,1.01525e-11,7.17188e-08,8.45302e-08
70,7.1e-06,4.05905,198800,1.988e+10,0,0,3.69729e-12,1.29405e-08,3149978,1.57499e+07,2.62521e-19,-6.92228e-20,5.97719e-15,4.35914e-11,376483,1.88242e+06,-2.06123e-20,-1.72758e-19,9.91063e-16,1.02748e-11,7.18711e-08,8.48654e-08
71,7.2e-06,4.16136,201600,2.016e+10,0,0,3.74936e-12,1.31228e-08,3191580,1.59579e+07,2.29509e-19,-1.32812e-20,6.05883e-15,4.42043e-11,380836,1.90418e+06,-1.33274e-20,-1.34463e-19,1.00267e-15,1.03946e-11,7.20694e-08,8.52467e-08
72,7.3e-06,4.274,204400,2.044e+10,0,0,3.80144e-12,1.3305e-08,3232722,1.61636e+07,2.6027e-19,-9.69718e-20,6.13941e-15,4.48068e-11,385248,1.92624e+06,2.17157e-23,-1.47677e-19,1.01461e-15,1.05217e-11,7.22126e-08,8.55729e-08
73,7.4e-06,4.37653,207200,2.072e+10,0,0,3.85351e-12,1.34873e-08,3273768,1.63688e+07,2.52364e-19,-6.73055e-20,6.21997e-15,4.54117e-11,389610,1.94805e+06,6.7686e-21,-5.66395e-20,1.02636e-15,1.06452e-11,7.23392e-08,8.58826e-08
74,7.5e-06,4.48027,210000,2.1e+10,0,0,3.90559e-12,1.36696e-08,3314318,1.65716e+07,2.10414e-19,-5.18221e-20,6.2994e-15,4.60058e-11,393948,1.96974e+06,-1.89623e-20,-9.27358e-20,1.03803e-15,1.07687e-11,7.24652e-08,8.61915e-08
75,7.6e-06,4.5859,212800,2.128e+10,0,0,3.95766e-12,1.38518e-08,3354494,1.67725e+07,2.03115e-19,-1.17733e-19,6.37801e-15,4.65929e-11,398233,1.99116e+06,-4.1286e-20,-6.35077e-20,1.04958e-15,1.08913e-11,7.26196e-08,8.65289e-08
76,7.7e-06,4.69161,215600,2.156e+10,0,0,4.00974e-12,1.40341e-08,3394570,1.69728e+07,1.44249e-19,-1.36353e-19,6.45648e-15,4.71803e-11,402499,2.0125e+06,-4.48823e-20,-4.70792e-20,1.06108e-15,1.10131e-11,7.27907e-08,8.6883e-08
77,7.8e-06,4.80885,218400,2.184e+10,0,0,4.06181e-12,1.42163e-08,3434216,1.71711e+07,1.14505e-19,-9.55797e-20,6.5339e-15,4.77575e-11,406713,2.03356e+06,-7.94346e-20,-3.35473e-20,1.07242e-15,1.11331e-11,7.29841e-08,8.72593e-08
78,7.9e-06,4.91642,221200,2.212e+10,0,0,4.11389e-12,1.43986e-08,3473609,1.7368e+07,1.6371e-19,-9.80835e-20,6.61087e-15,4.8333e-11,410892,2.05446e+06,-1.91536e-20,-5.58962e-20,1.08368e-15,1.12527e-11,7.30839e-08,8.75421e-08
79,8e-06,5.02522,224000,2.24e+10,0,0,4.16596e-12,1.45809e-08,3512731,1.75637e+07,1.94304e-19,-1.70518e-19,6.68735e-15,4.89058e-11,415066,2.07533e+06,-1.07615e-19,-5.85624e-20,1.09481e-15,1.13682e-11,7.32016e-08,8.78427e-08
80,8.1e-06,5.13613,226800,2.268e+10,0,0,4.21803e-12,1.47631e-08,3551653,1.77583e+07,1.26907e-19,-2.38955e-19,6.76346e-15,4.9476e-11,419265,2.09632e+06,-8.02966e-20,-8.17136e-20,1.10619e-15,1.14906e-11,7.34153e-08,8.82394e-08
81,8.2e-06,5.30646,229600,2.296e+10,0,0,4.27011e-12,1.49454e-08,3590110,1.79506e+07,5.99555e-20,-2.19159e-19,6.83847e-15,5.00357e-11,423450,2.11725e+06,-8.2437e-20,-1.24195e-19,1.1176e-15,1.16137e-11,7.34692e-08,8.84762e-08
82,8.3e-06,5.41905,232400,2.324e+10,0,0,4.32218e-12,1.51276e-08,3628291,1.81415e+07,4.05611e-20,-2.46338e-19,6.91287e-15,5.05905e-11,427523,2.13762e+06,-7.59874e-20,-8.46277e-20,1.12852e-15,1.17279e-11,7.35566e-08,8.87466e-08
83,8.4e-06,5.53275,235200,2.352e+10,0,0,4.37426e-12,1.53099e-08,3666372,1.83319e+07,4.52961e-20,-2.61258e-19,6.98729e-15,5.11484e-11,431566,2.15783e+06,-3.67061e-20,-1.26415e-19,1.13945e-15,1.18428e-11,7.37039e-08,8.90768e-08
84,8.5e-06,5.65443,238000,2.38e+10,0,0,4.42633e-12,1.54922e-08,3704130,1.85206e+07,9.92118e-20,-2.97543e-19,7.06106e-15,5.17004e-11,435644,2.17822e+06,2.56698e-20,-1.29735e-19,1.15057e-15,1.19621e-11,7.37883e-08,8.93441e-08
85,8.6e-06,5.77154,240800,2.408e+10,0,0,4.47841e-12,1.56744e-08,3741685,1.87084e+07,-2.8968e-20,-2.62643e-19,7.13454e-15,5.22523e-11,439717,2.19858e+06,-6.29062e-20,-9.83479e-20,1.16164e-15,1.20817e-11,7.39585e-08,8.96973e-08
86,8.7e-06,5.88899,243600,2.436e+10,0,0,4.53048e-12,1.58567e-08,3778739,1.88937e+07,-3.33032e-20,-2.34281e-19,7.2067e-15,5.27898e-11,443670,2.21835e+06,-9.04567e-21,-1.49021e-19,1.17227e-15,1.21931e-11,7.41391e-08,9.00608e-08
87,8.8e-06,6.00605,246400,2.464e+10,0,0,4.58256e-12,1.60389e-08,3815694,1.90785e+07,-1.08324e-19,-3.30374e-19,7.27898e-15,5.33332e-11,447698,2.23849e+06,4.39907e-20,-2.32588e-19,1.18325e-15,1.23116e-11,7.41921e-08,9.02967e-08
88,8.9e-06,6.12398,249200,2.492e+10,0,0,4.63463e-12,1.62212e-08,3852459,1.92623e+07,-1.2393e-19,-4.57422e-19,7.351e-15,5.38771e-11,451659,2.2583e+06,6.49028e-20,-2.83849e-19,1.19392e-15,1.24262e-11,7.43383e-08,9.06259e-08
89,9e-06,6.24321,252000,2.52e+10,0,0,4.68671e-12,1.64035e-08,3888832,1.94442e+07,-5.34705e-20,-4.46212e-19,7.4222e-15,5.44146e-11,455600,2.278e+06,8.30127e-21,-2.49321e-19,1.20459e-15,1.25403e-11,7.45242e-08,9.09947e-08
90,9.1e-06,6.364,254800,2.548e+10,0,0,4.73878e-12,1.65857e-08,3924948,1.96247e+07,-9.66628e-20,-4.60561e-19,7.49279e-15,5.49465e-11,459551,2.29776e+06,6.94663e-21,-2.27559e-19,1.21531e-15,1.26546e-11,7.46125e-08,9.12659e-08
91,9.2e-06,6.48575,257600,2.576e+10,0,0,4.79085e-12,1.6768e-08,3960768,1.98038e+07,-1.77829e-19,-4.19852e-19,7.56274e-15,5.54735e-11,463459,2.3173e+06,3.1698e-21,-1.81724e-19,1.22589e-15,1.27658e-11,7.47141e-08,9.15503e-08
92,9.3e-06,6.60805,260400,2.604e+10,0,0,4.84293e-12,1.69502e-08,3996269,1.99813e+07,-2.68603e-19,-4.34354e-19,7.63205e-15,5.59944e-11,467413,2.33706e+06,-5.87515e-20,-2.04926e-19,1.23673e-15,1.28834e-11,7.48632e-08,9.18824e-08
93,9.4e-06,6.73591,263200,2.632e+10,0,0,4.895e-12,1.71325e-08,4031556,2.01578e+07,-2.00687e-19,-4.9477e-19,7.70092e-15,5.65122e-11,471292,2.35646e+06,-3.53255e-20,-1.69775e-19,1.24728e-15,1.29955e-11,7.49424e-08,9.21444e-08
94,9.5e-06,6.86039,266000,2.66e+10,0,0,4.94708e-12,1.73148e-08,4066655,2.03333e+07,-3.19992e-19,-4.98289e-19,7.76952e-15,5.70299e-11,475221,2.3761e+06,-6.8849e-20,-1.57066e-19,1.25804e-15,1.31123e-11,7.50551e-08,9.244e-08
95,9.6e-06,6.9858,268800,2.688e+10,0,0,4.99915e-12,1.7497e-08,4101477,2.05074e+07,-2.17108e-19,-4.50458e-19,7.83757e-15,5.75423e-11,478990,2.39495e+06,-1.20001e-19,-1.79265e-19,1.26821e-15,1.322e-11,7.51817e-08,9.27495e-08
96,9.7e-06,7.11204,271600,2.716e+10,0,0,5.05123e-12,1.76793e-08,4135952,2.06798e+07,-5.66859e-20,-5.66294e-19,7.9049e-15,5.80502e-11,482864,2.41432e+06,-1.09235e-19,-1.42734e-19,1.27875e-15,1.33325e-11,7.52589e-08,9.30096e-08
97,9.8e-06,7.23903,274400,2.744e+10,0,0,5.1033e-12,1.78616e-08,4170336,2.08517e+07,-5.09726e-20,-5.72222e-19,7.97214e-15,5.85593e-11,486733,2.43366e+06,-1.73487e-19,-1.23863e-19,1.28931e-15,1.34479e-11,7.53469e-08,9.32805e-08
98,9.9e-06,7.43163,277200,2.772e+10,0,0,5.15538e-12,1.80438e-08,4204521,2.10226e+07,-1.2484e-19,-4.31576e-19,8.03905e-15,5.9066e-11,490563,2.45282e+06,-1.4664e-19,-2.44985e-19,1.2998e-15,1.35613e-11,7.54637e-08,9.35801e-08
99,1e-05,7.55932,280000,2.8e+10,0,0,5.20745e-12,1.82261e-08,4238433,2.11922e+07,-2.58311e-19,-4.65329e-19,8.10537e-15,5.9568e-11,494386,2.47193e+06,-4.68492e-20,-3.19616e-19,1.31025e-15,1.36754e-11,7.55568e-08,9.38561e-08
100,1.01e-05,7.6882,282800,2.828e+10,0,0,5.25952e-12,1.84083e-08,4272035,2.13602e+07,-3.18182e-19,-5.02762e-19,8.17099e-15,6.00612e-11,498130,2.49065e+06,-2.74519e-20,-3.30588e-19,1.32044e-15,1.3784e-11,7.56045e-08,9.40866e-08
101,1.02e-05,7.88116,285600,2.856e+10,0,0,5.3116e-12,1.85906e-08,4305406,2.1527e+07,-3.92238e-19,-4.40146e-19,8.23606e-15,6.05505e-11,501887,2.50944e+06,-3.83204e-20,-3.95637e-19,1.33069e-15,1.38937e-11,7.5666e-08,9.43311e-08
102,1.03e-05,8.01147,288400,2.884e+10,0,0,5.36367e-12,1.87729e-08,4338813,2.16941e+07,-6.0991e-19,-3.91176e-19,8.30155e-15,6.10486e-11,505685,2.52842e+06,1.36141e-20,-3.72859e-19,1.34105e-15,1.40063e-11,7.57166e-08,9.45645e-08
103,1.04e-05,8.14427,291200,2.912e+10,0,0,5.41575e-12,1.89551e-08,4371987,2.18599e+07,-7.07801e-19,-4.15546e-19,8.36653e-15,6.15411e-11,509433,2.54716e+06,-1.50933e-21,-3.08343e-19,1.35128e-15,1.4116e-11,7.57758e-08,9.48066e-08
104,1.05e-05,8.27641,294000,2.94e+10,0,0,5.46782e-12,1.91374e-08,4404922,2.20246e+07,-8.11395e-19,-3.66049e-19,8.43097e-15,6.20292e-11,513131,2.56566e+06,1.91929e-20,-3.52672e-19,1.36136e-15,1.42235e-11,7.5871e-08,9.50847e-08
105,1.06e-05,8.41085,296800,2.968e+10,0,0,5.5199e-12,1.93196e-08,4437629,2.21881e+07,-8.36709e-19,-4.03411e-19,8.49506e-15,6.25156e-11,516841,2.5842e+06,-2.86364e-20,-3.3176e-19,1.37151e-15,1.4333e-11,7.59758e-08,9.53722e-08
106,1.07e-05,8.54493,299600,2.996e+10,0,0,5.57197e-12,1.95019e-08,4470002,2.235e+07,-6.95183e-19,-3.7081e-19,8.55831e-15,6.29919e-11,520570,2.60285e+06,-2.10826e-20,-2.23381e-19,1.38172e-15,1.44435e-11,7.60447e-08,9.56241e-08
107,1.08e-05,8.6903,302400,3.024e+10,0,0,5.62405e-12,1.96842e-08,4502467,2.25123e+07,-8.30995e-19,-4.04292e-19,8.62181e-15,6.34739e-11,524314,2.62157e+06,-7.90202e-20,-1.48326e-19,1.39197e-15,1.45542e-11,7.61283e-08,9.58905e-08
108,1.09e-05,8.82665,305200,3.052e+10,0,0,5.67612e-12,1.98664e-08,4534669,2.26733e+07,-8.18731e-19,-4.16424e-19,8.68466e-15,6.39483e-11,528033,2.64016e+06,-5.47265e-20,-1.9236e-19,1.40214e-15,1.46647e-11,7.61894e-08,9.61345e-08
109,1.1e-05,8.96374,308000,3.08e+10,0,0,5.7282e-12,2.00487e-08,4566897,2.28345e+07,-9.62977e-19,-5.89257e-19,8.74781e-15,6.4429e-11,531739,2.6587e+06,-1.47592e-19,-3.04714e-19,1.41232e-15,1.47764e-11,7.62438e-08,9.63717e-08
110,1.11e-05,9.10234,310800,3.108e+10,0,0,5.78027e-12,2.02309e-08,4598893,2.29945e+07,-1.07214e-18,-6.23105e-19,8.81044e-15,6.49042e-11,535444,2.67722e+06,-1.63308e-19,-3.11658e-19,1.42245e-15,1.48867e-11,7.63058e-08,9.66165e-08
111,1.12e-05,9.24378,313600,3.136e+10,0,0,5.83234e-12,2.04132e-08,4630929,2.31546e+07,-1.25955e-18,-8.62436e-19,8.87337e-15,6.53856e-11,539077,2.69538e+06,-2.13596e-19,-2.77956e-19,1.43234e-15,1.49926e-11,7.63371e-08,9.68307e-08
112,1.13e-05,9.39234,316400,3.164e+10,0,0,5.88442e-12,2.05955e-08,4662652,2.33133e+07,-1.21196e-18,-9.91656e-19,8.93548e-15,6.58589e-11,542733,2.71366e+06,-1.63788e-19,-1.80111e-19,1.44238e-15,1.51001e-11,7.63916e-08,9.7068e-08
113,1.14e-05,9.53915,319200,3.192e+10,0,0,5.93649e-12,2.07777e-08,4694080,2.34704e+07,-1.25425e-18,-8.81789e-19,8.99702e-15,6.6324e-11,546395,2.73198e+06,-5.22725e-20,-2.3588e-19,1.45242e-15,1.52086e-11,7.64582e-08,9.73174e-08
114,1.15e-05,9.68423,322000,3.22e+10,0,0,5.98857e-12,2.096e-08,4725530,2.36276e+07,-1.2159e-18,-8.09646e-19,9.05865e-15,6.67926e-11,550024,2.75012e+06,-7.36981e-20,-2.96459e-19,1.46236e-15,1.53159e-11,7.64901e-08,9.75322e-08
115,1.16e-05,9.82916,324800,3.248e+10,0,0,6.04064e-12,2.11422e-08,4756974,2.37849e+07,-1.25758e-18,-8.90204e-19,9.12048e-15,6.72654e-11,553593,2.76796e+06,-7.72849e-20,-2.56762e-19,1.47209e-15,1.54178e-11,7.6517e-08,9.7742e-08
116,1.17e-05,9.97523,327600,3.276e+10,0,0,6.09272e-12,2.13245e-08,4788128,2.39406e+07,-1.39391e-18,-8.58207e-19,9.18167e-15,6.77306e-11,557159,2.7858e+06,-5.90916e-20,-2.98017e-19,1.48162e-15,1.55169e-11,7.65927e-08,9.80005e-08
117,1.18e-05,10.1209,330400,3.304e+10,0,0,6.14479e-12,2.15068e-08,4819279,2.40964e+07,-1.48416e-18,-8.02999e-19,9.24288e-15,6.81969e-11,560583,2.80292e+06,-7.10464e-20,-2.14176e-19,1.49061e-15,1.56057e-11,7.66306e-08,9.82212e-08
118,1.19e-05,10.2668,333200,3.332e+10,0,0,6.19687e-12,2.1689e-08,4850244,2.42512e+07,-1.59042e-18,-1.00314e-18,9.30372e-15,6.86594e-11,564067,2.82034e+06,-7.4807e-20,-1.30454e-19,1.49974e-15,1.56959e-11,7.66769e-08,9.84503e-08
119,1.2e-05,10.4144,336000,3.36e+10,0,0,6.24894e-12,2.18713e-08,4880967,2.44048e+07,-1.62568e-18,-1.15686e-18,9.36397e-15,6.91159e-11,567395,2.83698e+06,-1.12746e-19,-1.81689e-19,1.50818e-15,1.57742e-11,7.67304e-08,9.86866e-08
120,1.21e-05,10.5621,338800,3.388e+10,0,0,6.30101e-12,2.20536e-08,4911928,2.45596e+07,-1.59322e-18,-1.30721e-18,9.42492e-15,6.95815e-11,570725,2.85362e+06,-1.5907e-19,-2.03605e-19,1.51661e-15,1.58533e-11,7.6758e-08,9.8897e-08
121,1.22e-05,10.7795,341600,3.416e+10,0,0,6.35309e-12,2.22358e-08,4942672,2.47134e+07,-1.40567e-18,-1.39429e-18,9.48532e-15,7.00425e-11,573966,2.86983e+06,-1.70609e-19,-5.29898e-20,1.5247e-15,1.59261e-11,7.67892e-08,9.9111e-08
122,1.23e-05,10.9379,344400,3.444e+10,0,0,6.40516e-12,2.24181e-08,4973240,2.48662e+07,-1.46107e-18,-1.41425e-18,9.54528e-15,7.04969e-11,577253,2.88626e+06,-1.15788e-19,-7.69092e-20,1.53302e-15,1.6005e-11,7.68456e-08,9.93502e-08
123,1.24e-05,11.0943,347200,3.472e+10,0,0,6.45724e-12,2.26003e-08,5003760,2.50188e+07,-1.60268e-18,-1.43121e-18,9.60526e-15,7.09537e-11,580340,2.9017e+06,-1.40356e-19,-2.02992e-19,1.54062e-15,1.60718e-11,7.68822e-08,9.95695e-08
124,1.25e-05,11.2474,350000,3.5e+10,0,0,6.50931e-12,2.27826e-08,5034357,2.51718e+07,-1.49622e-18,-1.78038e-18,9.66564e-15,7.14174e-11,583485,2.91742e+06,-1.72684e-19,-1.42874e-19,1.54855e-15,1.61451e-11,7.69077e-08,9.97778e-08
125,1.26e-05,11.4013,352800,3.528e+10,0,0,6.56139e-12,2.29649e-08,5064690,2.53234e+07,-1.80379e-18,-1.68985e-18,9.72522e-15,7.18725e-11,586716,2.93358e+06,-1.40817e-19,-1.42682e-19,1.55683e-15,1.62259e-11,7.69773e-08,1.0003e-07
126,1.27e-05,11.5576,355600,3.556e+10,0,0,6.61346e-12,2.31471e-08,5094891,2.54745e+07,-1.82539e-18,-1.69162e-18,9.78452e-15,7.2325e-11,589993,2.94996e+06,-6.24121e-20,-7.05129e-21,1.56541e-15,1.63102e-11,7.70108e-08,1.00247e-07
127,1.28e-05,11.713,358400,3.584e+10,0,0,6.66554e-12,2.33294e-08,5125197,2.5626e+07,-1.74405e-18,-1.7917e-18,9.84439e-15,7.27835e-11,593405,2.96702e+06,-1.433e-20,-1.16372e-20,1.57446e-15,1.6405e-11,7.70243e-08,1.00443e-07
128,1.29e-05,11.8692,361200,3.612e+10,0,0,6.71761e-12,2.35116e-08,5155319,2.57766e+07,-1.7889e-18,-1.64757e-18,9.90349e-15,7.32326e-11,596670,2.98335e+06,1.14617e-19,7.44827e-20,1.58293e-15,1.64881e-11,7.707e-08,1.00671e-07
129,1.3e-05,12.0262,364000,3.64e+10,0,0,6.76969e-12,2.36939e-08,5185682,2.59284e+07,-1.79545e-18,-1.92678e-18,9.9635e-15,7.36945e-11,599952,2.99976e+06,7.53018e-20,8.37631e-20,1.59136e-15,1.65691e-11,7.71113e-08,1.00895e-07
130,1.31e-05,12.1828,366800,3.668e+10,0,0,6.82176e-12,2.38762e-08,5215593,2.6078e+07,-1.97058e-18,-1.96588e-18,1.00222e-14,7.41408e-11,603115,3.01558e+06,-1.09088e-19,9.05763e-20,1.59928e-15,1.66392e-11,7.71033e-08,1.0107e-07
131,1.32e-05,12.3447,369600,3.696e+10,0,0,6.87383e-12,2.40584e-08,5245596,2.6228e+07,-2.07629e-18,-2.0475e-18,1.00813e-14,7.45933e-11,606109,3.03054e+06,-1.58209e-19,4.86949e-20,1.60637e-15,1.66975e-11,7.71346e-08,1.01284e-07
132,1.33e-05,12.5047,372400,3.724e+10,0,0,6.92591e-12,2.42407e-08,5275512,2.63776e+07,-2.09e-18,-2.03074e-18,1.01402e-14,7.50428e-11,609002,3.04501e+06,-4.28927e-20,1.0602e-19,1.61315e-15,1.67504e-11,7.72114e-08,1.01544e-07
133,1.34e-05,12.6652,375200,3.752e+10,0,0,6.97798e-12,2.44229e-08,5305353,2.65268e+07,-2.15297e-18,-2.09306e-18,1.0199e-14,7.54903e-11,612023,3.06012e+06,7.85457e-20,2.59292e-20,1.62054e-15,1.68172e-11,7.72484e-08,1.01764e-07
134,1.35e-05,12.8273,378000,3.78e+10,0,0,7.03006e-12,2.46052e-08,5335277,2.66764e+07,-2.10113e-18,-2.04435e-18,1.02581e-14,7.59426e-11,615134,3.07567e+06,1.54128e-20,6.20167e-20,1.62836e-15,1.68911e-11,7.72719e-08,1.0197e-07
135,1.36e-05,12.9889,380800,3.808e+10,0,0,7.08213e-12,2.47875e-08,5365159,2.68258e+07,-2.14091e-18,-1.91372e-18,1.03171e-14,7.63976e-11,618330,3.09165e+06,7.09779e-21,9.9585e-21,1.63662e-15,1.6974e-11,7.73795e-08,1.0226e-07
136,1.37e-05,13.1519,383600,3.836e+10,0,0,7.13421e-12,2.49697e-08,5394859,2.69743e+07,-2.1903e-18,-2.08522e-18,1.03758e-14,7.68453e-11,621564,3.10782e+06,7.78057e-20,-1.39148e-20,1.64521e-15,1.706e-11,7.74334e-08,1.02497e-07
137,1.38e-05,13.3161,386400,3.864e+10,0,0,7.18628e-12,2.5152e-08,5424559,2.71228e+07,-2.18853e-18,-2.03357e-18,1.04344e-14,7.72973e-11,624972,3.12486e+06,1.37027e-19,-1.1844e-19,1.65442e-15,1.71585e-11,7.737e-08,1.02616e-07
138,1.39e-05,13.4809,389200,3.892e+10,0,0,7.23836e-12,2.53342e-08,5454152,2.72708e+07,-2.13909e-18,-2.05671e-18,1.04928e-14,7.77452e-11,628120,3.1406e+06,6.11746e-20,8.84457e-20,1.66241e-15,1.72338e-11,7.73785e-08,1.02808e-07
139,1.4e-05,13.6671,392000,3.92e+10,0,0,7.29043e-12,2.55165e-08,5483640,2.74182e+07,-2.2316e-18,-2.03668e-18,1.05509e-14,7.81903e-11,630318,3.15159e+06,4.86521e-20,9.75803e-20,1.66601e-15,1.72303e-11,7.74977e-08,1.0311e-07
140,1.41e-05,13.8409,394800,3.948e+10,0,0,7.3425e-12,2.56988e-08,5513125,2.75656e+07,-2.19403e-18,-1.96651e-18,1.0609e-14,7.86335e-11,632664,3.16332e+06,6.68947e-20,1.05853e-19,1.67032e-15,1.72409e-11,7.74973e-08,1.03292e-07
141,1.42e-05,14.0739,397600,3.976e+10,0,0,7.39458e-12,2.5881e-08,5542546,2.77127e+07,-2.10058e-18,-1.93886e-18,1.0667e-14,7.90747e-11,635670,3.17835e+06,-3.59753e-20,1.48985e-19,1.67763e-15,1.73059e-11,7.74386e-08,1.03416e-07
142,1.43e-05,14.2419,400399,4.00399e+10,0,0,7.44663e-12,2.60632e-08,5572212,2.78611e+07,-2.04969e-18,-1.82126e-18,1.07257e-14,7.95284e-11,638998,3.19499e+06,-7.42074e-20,1.96706e-19,1.68644e-15,1.73946e-11,7.74934e-08,1.03654e-07
143,1.44e-05,14.4118,403184,4.03184e+10,0,0,7.49843e-12,2.62445e-08,5601603,2.8008e+07,-2.12052e-18,-1.69582e-18,1.07838e-14,7.99742e-11,642487,3.21244e+06,4.24114e-20,2.14562e-19,1.69605e-15,1.74982e-11,7.76575e-08,1.03999e-07
144,1.45e-05,14.5826,405961,4.05961e+10,0,0,7.55008e-12,2.64253e-08,5630938,2.81547e+07,-1.94081e-18,-1.76703e-18,1.08418e-14,8.04172e-11,645896,3.22948e+06,1.05622e-19,1.20862e-19,1.70534e-15,1.75978e-11,7.75067e-08,1.0403e-07
145,1.46e-05,14.755,408722,4.08722e+10,0,0,7.60143e-12,2.6605e-08,5660309,2.83015e+07,-1.87179e-18,-1.75375e-18,1.08998e-14,8.08623e-11,649267,3.24634e+06,1.67855e-19,-1.94544e-20,1.71444e-15,1.76941e-11,7.73922e-08,1.04096e-07
146,1.47e-05,14.9277,411470,4.1147e+10,0,0,7.65253e-12,2.67839e-08,5689491,2.84475e+07,-1.84606e-18,-1.68012e-18,1.09575e-14,8.13035e-11,652235,3.26118e+06,-1.04409e-20,-3.78445e-20,1.72148e-15,1.77534e-11,7.75753e-08,1.04458e-07
147,1.48e-05,15.0994,414179,4.14179e+10,0,0,7.70292e-12,2.69602e-08,5718732,2.85937e+07,-1.80436e-18,-1.74624e-18,1.10153e-14,8.17456e-11,653900,3.2695e+06,4.05142e-20,1.94294e-20,1.72264e-15,1.77127e-11,7.75703e-08,1.0463e-07
148,1.49e-05,15.2726,416890,4.1689e+10,0,0,7.75334e-12,2.71367e-08,5747892,2.87395e+07,-1.75648e-18,-1.62059e-18,1.10729e-14,8.21864e-11,656560,3.2828e+06,-1.38394e-20,8.36277e-20,1.72849e-15,1.77529e-11,7.76162e-08,1.04853e-07
149,1.5e-05,15.4455,419595,4.19595e+10,0,0,7.80364e-12,2.73128e-08,5777020,2.88851e+07,-1.74424e-18,-1.69081e-18,1.11304e-14,8.26263e-11,659804,3.29902e+06,-2.10274e-20,3.41438e-19,1.73699e-15,1.78377e-11,7.7693e-08,1.05106e-07
150,1.51e-05,15.6192,422271,4.22271e+10,0,0,7.85341e-12,2.74869e-08,5806132,2.90307e+07,-1.97351e-18,-1.8696e-18,1.1188e-14,8.30673e-11,663243,3.31622e+06,-1.10903e-19,2.76096e-19,1.74647e-15,1.79406e-11,7.75644e-08,1.05152e-07
151,1.52e-05,15.7961,424960,4.2496e+10,0,0,7.90342e-12,2.7662e-08,5835295,2.91765e+07,-1.69986e-18,-2.07576e-18,1.12457e-14,8.3508e-11,666652,3.33326e+06,-9.86143e-20,2.14531e-19,1.75576e-15,1.80399e-11,7.74852e-08,1.05249e-07
152,1.53e-05,15.972,427630,4.2763e+10,0,0,7.95308e-12,2.78358e-08,5864495,2.93225e+07,-1.8106e-18,-1.79793e-18,1.13036e-14,8.39565e-11,669591,3.34796e+06,-3.33121e-20,2.17497e-19,1.76291e-15,1.81046e-11,7.75076e-08,1.05445e-07
153,1.54e-05,16.148,430254,4.30254e+10,0,0,8.00188e-12,2.80066e-08,5893630,2.94682e+07,-1.86627e-18,-1.59054e-18,1.13612e-14,8.44005e-11,671305,3.35652e+06,5.48126e-20,2.00917e-19,1.76499e-15,1.80862e-11,7.75969e-08,1.05706e-07
154,1.55e-05,16.3235,432879,4.32879e+10,0,0,8.0507e-12,2.81774e-08,5922685,2.96134e+07,-1.96531e-18,-1.6587e-18,1.14189e-14,8.48439e-11,673728,3.36864e+06,7.61923e-20,1.16024e-19,1.77024e-15,1.81197e-11,7.76198e-08,1.059e-07
155,1.56e-05,16.5015,435502,4.35502e+10,0,0,8.09948e-12,2.83482e-08,5951532,2.97577e+07,-1.79196e-18,-1.59191e-18,1.14758e-14,8.52786e-11,676995,3.38498e+06,1.48624e-19,2.4957e-19,1.77889e-15,1.82096e-11,7.75451e-08,1.05997e-07
156,1.57e-05,16.6812,438088,4.38088e+10,0,0,8.14758e-12,2.85165e-08,5980243,2.99012e+07,-1.83368e-18,-1.53073e-18,1.15327e-14,8.57115e-11,680034,3.40017e+06,1.95211e-19,2.63801e-19,1.78672e-15,1.82841e-11,7.75274e-08,1.06148e-07
157,1.58e-05,16.8596,440680,4.4068e+10,0,0,8.19578e-12,2.86852e-08,6009315,3.00466e+07,-1.95962e-18,-1.5523e-18,1.15903e-14,8.61543e-11,682033,3.41016e+06,9.21482e-20,2.85457e-19,1.79018e-15,1.82915e-11,7.75763e-08,1.06366e-07
158,1.59e-05,17.0402,443249,4.43249e+10,0,0,8.24356e-12,2.88525e-08,6038522,3.01926e+07,-1.92015e-18,-1.62042e-18,1.16482e-14,8.66047e-11,684149,3.42074e+06,1.89399e-19,2.30593e-19,1.79417e-15,1.83109e-11,7.76392e-08,1.06597e-07
159,1.6e-05,17.2209,445805,4.45805e+10,0,0,8.2911e-12,2.90188e-08,6067298,3.03365e+07,-1.75765e-18,-1.56416e-18,1.1705e-14,8.70413e-11,687273,3.43636e+06,1.96841e-19,2.98749e-19,1.80225e-15,1.83906e-11,7.76163e-08,1.06741e-07
160,1.61e-05,17.4036,448348,4.48348e+10,0,0,8.33839e-12,2.91844e-08,6096227,3.04811e+07,-2.02714e-18,-1.6387e-18,1.17623e-14,8.74849e-11,690132,3.45066e+06,1.13026e-19,2.75377e-19,1.80934e-15,1.8456e-11,7.75972e-08,1.06888e-07
161,1.62e-05,17.6511,450910,4.5091e+10,0,0,8.38604e-12,2.93511e-08,6125145,3.06257e+07,-1.94331e-18,-1.66329e-18,1.18197e-14,8.79289e-11,691939,3.4597e+06,6.22834e-20,3.46673e-19,1.81232e-15,1.8462e-11,7.76614e-08,1.07119e-07
162,1.63e-05,17.8361,453443,4.53443e+10,0,0,8.43315e-12,2.9516e-08,6153837,3.07692e+07,-1.90755e-18,-1.5041e-18,1.18766e-14,8.8367e-11,694382,3.47191e+06,1.1289e-19,3.79637e-19,1.81779e-15,1.85038e-11,7.76981e-08,1.07321e-07
163,1.64e-05,18.0221,455957,4.55957e+10,0,0,8.4799e-12,2.96797e-08,6182435,3.09122e+07,-1.70826e-18,-1.46538e-18,1.19332e-14,8.88028e-11,697528,3.48764e+06,1.59819e-19,3.47096e-19,1.826e-15,1.85856e-11,7.76577e-08,1.07445e-07
164,1.65e-05,18.2076,458494,4.58494e+10,0,0,8.52709e-12,2.98448e-08,6211037,3.10552e+07,-1.64817e-18,-1.21769e-18,1.19898e-14,8.92362e-11,699733,3.49866e+06,1.46244e-19,3.15758e-19,1.8306e-15,1.86153e-11,7.76574e-08,1.0761e-07
165,1.66e-05,18.4023,460986,4.60986e+10,0,0,8.57343e-12,3.0007e-08,6239734,3.11987e+07,-1.73448e-18,-1.46894e-18,1.20465e-14,8.96735e-11,701560,3.5078e+06,7.51005e-20,1.85076e-19,1.83389e-15,1.86275e-11,7.77223e-08,1.07838e-07
166,1.67e-05,18.5996,463454,4.63454e+10,0,0,8.61933e-12,3.01677e-08,6268294,3.13415e+07,-1.92557e-18,-1.58469e-18,1.21029e-14,9.01029e-11,704511,3.52256e+06,6.97549e-20,1.9153e-19,1.84143e-15,1.87012e-11,7.77369e-08,1.08013e-07
167,1.68e-05,18.7902,465937,4.65937e+10,0,0,8.66551e-12,3.03293e-08,6297025,3.14851e+07,-1.92975e-18,-1.36563e-18,1.21599e-14,9.05431e-11,706544,3.53272e+06,4.20603e-20,1.48803e-19,1.84562e-15,1.87274e-11,7.76712e-08,1.0811e-07
168,1.69e-05,18.9782,468397,4.68397e+10,0,0,8.71126e-12,3.04894e-08,6326053,3.16303e+07,-1.84082e-18,-1.51447e-18,1.22176e-14,9.09931e-11,708303,3.54152e+06,3.65522e-20,2.35402e-19,1.84884e-15,1.87406e-11,7.77012e-08,1.083e-07
169,1.7e-05,19.1774,470860,4.7086e+10,0,0,8.75707e-12,3.06497e-08,6354751,3.17738e+07,-1.95956e-18,-1.50766e-18,1.22745e-14,9.14326e-11,710595,3.55298e+06,4.28883e-20,2.83268e-19,1.85392e-15,1.87789e-11,7.77958e-08,1.08556e-07
170,1.71e-05,19.3755,473293,4.73293e+10,0,0,8.80232e-12,3.08081e-08,6383357,3.19168e+07,-2.01659e-18,-1.54988e-18,1.23313e-14,9.18716e-11,711887,3.55944e+06,6.65173e-20,3.11265e-19,1.85534e-15,1.87692e-11,7.77546e-08,1.08673e-07
171,1.72e-05,19.5806,475704,4.75704e+10,0,0,8.84716e-12,3.09651e-08,6412180,3.20609e+07,-1.97727e-18,-1.72831e-18,1.23885e-14,9.23183e-11,714974,3.57487e+06,1.83996e-19,2.52684e-19,1.86345e-15,1.88528e-11,7.78307e-08,1.08907e-07
172,1.73e-05,19.7826,478148,4.78148e+10,0,0,8.89261e-12,3.11241e-08,6440906,3.22045e+07,-1.96578e-18,-1.71097e-18,1.24457e-14,9.27621e-11,717265,3.58632e+06,1.68742e-19,2.32094e-19,1.86847e-15,1.88856e-11,7.81184e-08,1.09354e-07
173,1.74e-05,19.9787,480567,4.80567e+10,0,0,8.9376e-12,3.12816e-08,6469201,3.2346e+07,-1.72195e-18,-1.70189e-18,1.25019e-14,9.3193e-11,718767,3.59384e+06,1.3084e-19,2.72409e-19,1.87019e-15,1.88679e-11,7.79597e-08,1.09353e-07
174,1.75e-05,20.1801,482969,4.82969e+10,0,0,8.98227e-12,3.1438e-08,6497553,3.24878e+07,-1.71159e-18,-1.89598e-18,1.25581e-14,9.36244e-11,721735,3.60868e+06,9.6326e-20,2.32948e-19,1.87773e-15,1.89384e-11,7.79303e-08,1.09481e-07
175,1.76e-05,20.3859,485392,4.85392e+10,0,0,9.02734e-12,3.15957e-08,6526028,3.26301e+07,-1.80112e-18,-1.9356e-18,1.26145e-14,9.40609e-11,725052,3.62526e+06,5.85539e-20,2.15579e-19,1.88665e-15,1.90328e-11,7.81106e-08,1.09819e-07
176,1.77e-05,20.587,487786,4.87786e+10,0,0,9.07186e-12,3.17515e-08,6554413,3.27721e+07,-1.76507e-18,-1.88463e-18,1.26709e-14,9.44949e-11,728351,3.64176e+06,1.80342e-19,2.89786e-19,1.8955e-15,1.91251e-11,7.81999e-08,1.10065e-07
177,1.78e-05,20.7831,490147,4.90147e+10,0,0,9.11577e-12,3.19052e-08,6582992,3.2915e+07,-1.5718e-18,-1.9451e-18,1.27277e-14,9.49354e-11,731731,3.65866e+06,1.78827e-20,3.04033e-19,1.90461e-15,1.92229e-11,7.79766e-08,1.09996e-07
178,1.79e-05,20.9799,492499,4.92499e+10,0,0,9.15951e-12,3.20583e-08,6611625,3.30581e+07,-1.65268e-18,-1.83773e-18,1.27844e-14,9.53766e-11,735006,3.67503e+06,-1.15691e-19,2.68257e-19,1.91339e-15,1.93156e-11,7.77201e-08,1.09893e-07
179,1.8e-05,21.1798,494895,4.94895e+10,0,0,9.20407e-12,3.22143e-08,6639433,3.31972e+07,-1.52164e-18,-1.90041e-18,1.28384e-14,9.57787e-11,738167,3.69084e+06,9.51779e-20,3.52346e-19,1.92162e-15,1.94e-11,7.76697e-08,1.09999e-07
180,1.81e-05,21.3801,497271,4.97271e+10,0,0,9.24826e-12,3.23689e-08,6664911,3.33246e+07,-1.34648e-18,-2.00314e-18,1.28837e-14,9.60553e-11,741149,3.70574e+06,8.38406e-20,3.97236e-19,1.92922e-15,1.94721e-11,7.7701e-08,1.10185e-07
181,1.82e-05,21.6441,499620,4.9962e+10,0,0,9.29195e-12,3.25218e-08,6685374,3.34269e+07,-1.57052e-18,-2.11551e-18,1.29106e-14,9.608e-11,744119,3.7206e+06,7.0283e-20,3.74078e-19,1.93684e-15,1.95455e-11,7.77291e-08,1.10367e-07
182,1.83e-05,21.8445,501976,5.01976e+10,0,0,9.33577e-12,3.26752e-08,6704582,3.35229e+07,-1.45461e-18,-2.48187e-18,1.29339e-14,9.60655e-11,747023,3.73512e+06,-1.47348e-20,3.11416e-19,1.94429e-15,1.96183e-11,7.76979e-08,1.10489e-07
183,1.84e-05,22.0436,504306,5.04306e+10,0,0,9.3791e-12,3.28269e-08,6728400,3.3642e+07,-1.24411e-18,-2.41236e-18,1.29739e-14,9.62812e-11,749865,3.74932e+06,2.19043e-21,1.94176e-19,1.95156e-15,1.96901e-11,7.78042e-08,1.10747e-07
184,1.85e-05,22.2436,506683,5.06683e+10,0,0,9.42331e-12,3.29816e-08,6754509,3.37725e+07,-1.09785e-18,-2.1311e-18,1.30225e-14,9.66114e-11,752844,3.76422e+06,3.8904e-20,2.98861e-19,1.95953e-15,1.97716e-11,7.79506e-08,1.11049e-07
185,1.86e-05,22.4701,509054,5.09054e+10,0,0,9.4674e-12,3.31359e-08,6782269,3.39113e+07,-1.04489e-18,-2.11262e-18,1.30767e-14,9.70172e-11,755789,3.77894e+06,5.42689e-20,4.18569e-19,1.96741e-15,1.98529e-11,7.78133e-08,1.11066e-07
186,1.87e-05,22.6758,511405,5.11405e+10,0,0,9.51113e-12,3.32889e-08,6810377,3.40519e+07,-1.30557e-18,-2.01784e-18,1.31319e-14,9.74379e-11,758859,3.7943e+06,9.02773e-20,3.29755e-19,1.97574e-15,1.99431e-11,7.76849e-08,1.11091e-07
187,1.88e-05,22.8796,513752,5.13752e+10,0,0,9.55478e-12,3.34417e-08,6838319,3.41916e+07,-1.52068e-18,-2.13695e-18,1.31868e-14,9.78532e-11,761818,3.80909e+06,1.35859e-19,2.29778e-19,1.98354e-15,2.00241e-11,7.76713e-08,1.11231e-07
188,1.89e-05,23.0853,516059,5.16059e+10,0,0,9.59768e-12,3.35919e-08,6866556,3.43328e+07,-1.61674e-18,-2.10765e-18,1.32425e-14,9.82777e-11,763108,3.81554e+06,4.69828e-20,1.98774e-19,1.98561e-15,2.00296e-11,7.76999e-08,1.1141e-07
189,1.9e-05,23.2914,518402,5.18402e+10,0,0,9.64126e-12,3.37444e-08,6894833,3.44742e+07,-1.67757e-18,-2.3149e-18,1.32982e-14,9.87082e-11,760597,3.80298e+06,3.97328e-21,-1.37433e-21,1.97539e-15,1.98836e-11,7.77009e-08,1.11564e-07
190,1.91e-05,23.502,520711,5.20711e+10,0,0,9.6842e-12,3.38947e-08,6923092,3.46155e+07,-1.66446e-18,-2.22541e-18,1.33542e-14,9.91372e-11,759509,3.79754e+06,1.2637e-19,3.25518e-19,1.96989e-15,1.97964e-11,7.76861e-08,1.117e-07
191,1.92e-05,23.7227,522995,5.22995e+10,0,0,9.72668e-12,3.40434e-08,6951293,3.47565e+07,-1.74546e-18,-2.12889e-18,1.34102e-14,9.95693e-11,760558,3.80279e+06,6.97235e-21,4.0499e-19,1.9713e-15,1.97935e-11,7.76858e-08,1.11849e-07
192,1.93e-05,23.9499,525307,5.25307e+10,0,0,9.76968e-12,3.41939e-08,6979256,3.48963e+07,-1.66958e-18,-2.24473e-18,1.34654e-14,9.99934e-11,762597,3.81298e+06,6.93744e-20,2.93287e-19,1.976e-15,1.98332e-11,7.7687e-08,1.12001e-07
193,1.94e-05,24.1611,527600,5.276e+10,0,0,9.81232e-12,3.43431e-08,7007148,3.50357e+07,-1.71462e-18,-2.325e-18,1.35205e-14,1.00413e-10,764528,3.82264e+06,-1.53116e-20,3.26897e-19,1.98015e-15,1.98668e-11,7.76844e-08,1.12148e-07
194,1.95e-05,24.387,529892,5.29892e+10,0,0,9.85495e-12,3.44923e-08,7035235,3.51762e+07,-1.69837e-18,-2.27522e-18,1.3576e-14,1.00839e-10,766271,3.83136e+06,1.70507e-20,2.47494e-19,1.98359e-15,1.98866e-11,7.76917e-08,1.12305e-07
195,1.96e-05,24.6067,532193,5.32193e+10,0,0,9.89774e-12,3.46421e-08,7063203,3.5316e+07,-1.71855e-18,-2.13289e-18,1.36313e-14,1.01262e-10,768383,3.84192e+06,-1.7753e-19,2.04621e-19,1.98834e-15,1.99246e-11,7.77017e-08,1.12465e-07
196,1.97e-05,24.8227,534473,5.34473e+10,0,0,9.94015e-12,3.47905e-08,7091165,3.54558e+07,-1.68866e-18,-2.05476e-18,1.36866e-14,1.01688e-10,770069,3.85034e+06,-1.56206e-19,2.12029e-19,1.99151e-15,1.99403e-11,7.77433e-08,1.12655e-07
197,1.98e-05,25.0362,536754,5.36754e+10,0,0,9.98257e-12,3.4939e-08,7119075,3.55954e+07,-1.53486e-18,-1.97418e-18,1.37419e-14,1.02109e-10,772219,3.8611e+06,-5.33776e-20,1.75665e-19,1.9964e-15,1.99796e-11,7.77227e-08,1.12784e-07
198,1.99e-05,25.2507,539027,5.39027e+10,0,0,1.00248e-11,3.5087e-08,7146932,3.57347e+07,-1.53877e-18,-1.95641e-18,1.3797e-14,1.0253e-10,774071,3.87036e+06,-6.1679e-20,1.58087e-19,2.00023e-15,2.00049e-11,7.76962e-08,1.12906e-07
199,2e-05,25.466,541311,5.41311e+10,0,0,1.00673e-11,3.52356e-08,7174689,3.58734e+07,-1.78779e-18,-2.19246e-18,1.38517e-14,1.02949e-10,776120,3.8806e+06,-7.1545e-20,2.0968e-19,2.00472e-15,2.00399e-11,7.76646e-08,1.13023e-07
200,2.01e-05,25.6821,543577,5.43577e+10,0,0,1.01095e-11,3.53831e-08,7201402,3.6007e+07,-1.81962e-18,-2.42375e-18,1.39031e-14,1.03328e-10,778146,3.89073e+06,-7.26485e-21,2.76044e-19,2.00924e-15,2.00758e-11,7.76644e-08,1.13171e-07
201,2.02e-05,25.9641,545848,5.45848e+10,0,0,1.01517e-11,3.5531e-08,7224423,3.61221e+07,-2.14057e-18,-2.51952e-18,1.39432e-14,1.03572e-10,779897,3.89948e+06,-1.09307e-19,2.85773e-19,2.01292e-15,2.01012e-11,7.76666e-08,1.13321e-07
202,2.03e-05,26.1817,548121,5.48121e+10,0,0,1.0194e-11,3.56789e-08,7242794,3.6214e+07,-2.43078e-18,-2.4108e-18,1.39694e-14,1.0366e-10,781650,3.90825e+06,6.60034e-20,2.97064e-19,2.01667e-15,2.01296e-11,7.76717e-08,1.13474e-07
203,2.04e-05,26.4006,550360,5.5036e+10,0,0,1.02356e-11,3.58247e-08,7262899,3.63145e+07,-2.51019e-18,-2.53565e-18,1.40012e-14,1.03819e-10,782866,3.91433e+06,2.45316e-20,2.55459e-19,2.01891e-15,2.0141e-11,7.76647e-08,1.13613e-07
204,2.05e-05,26.6211,552626,5.52626e+10,0,0,1.02778e-11,3.59722e-08,7287908,3.64395e+07,-2.45076e-18,-2.52806e-18,1.40478e-14,1.04147e-10,783666,3.91833e+06,2.44104e-20,2.1235e-19,2.01978e-15,2.01359e-11,7.76629e-08,1.13759e-07
205,2.06e-05,26.8428,554897,5.54897e+10,0,0,1.032e-11,3.612e-08,7315320,3.65766e+07,-2.30354e-18,-2.67252e-18,1.41015e-14,1.04554e-10,784443,3.92222e+06,5.54675e-21,-4.86985e-21,2.0205e-15,2.01299e-11,7.76549e-08,1.139e-07
206,2.07e-05,27.0633,557124,5.57124e+10,0,0,1.03614e-11,3.62649e-08,7343162,3.67158e+07,-2.32271e-18,-2.51702e-18,1.41565e-14,1.04976e-10,785576,3.92788e+06,-9.59733e-20,8.30317e-21,2.02234e-15,2.01344e-11,7.76495e-08,1.1404e-07
207,2.08e-05,27.2894,559419,5.59419e+10,0,0,1.04041e-11,3.64143e-08,7371042,3.68552e+07,-2.42293e-18,-2.45003e-18,1.42117e-14,1.054e-10,786823,3.93412e+06,-1.40818e-19,-2.81295e-20,2.02453e-15,2.01453e-11,7.76736e-08,1.14214e-07
208,2.09e-05,27.5129,561692,5.61692e+10,0,0,1.04464e-11,3.65623e-08,7398795,3.6994e+07,-2.52373e-18,-2.55118e-18,1.42664e-14,1.05819e-10,788387,3.94194e+06,-1.4684e-19,-1.16795e-19,2.02771e-15,2.01646e-11,7.77039e-08,1.14392e-07
209,2.1e-05,27.7359,563947,5.63947e+10,0,0,1.04883e-11,3.67091e-08,7426538,3.71327e+07,-2.5663e-18,-2.4418e-18,1.43212e-14,1.0624e-10,790108,3.95054e+06,-8.29087e-20,-1.86343e-19,2.03128e-15,2.01912e-11,7.77051e-08,1.14541e-07
210,2.11e-05,27.9628,566240,5.6624e+10,0,0,1.0531e-11,3.68583e-08,7454232,3.72712e+07,-2.71232e-18,-2.02238e-18,1.4376e-14,1.06659e-10,791924,3.95962e+06,-1.44635e-19,-1.20009e-19,2.03525e-15,2.02209e-11,7.76516e-08,1.14637e-07
211,2.12e-05,28.2004,568509,5.68509e+10,0,0,1.05732e-11,3.7006e-08,7481893,3.74095e+07,-2.72627e-18,-1.7514e-18,1.44306e-14,1.07075e-10,793620,3.9681e+06,-1.27197e-19,-2.59369e-19,2.0386e-15,2.0244e-11,7.76421e-08,1.14775e-07
212,2.13e-05,28.4328,570763,5.70763e+10,0,0,1.06151e-11,3.71527e-08,7509463,3.75473e+07,-2.70194e-18,-1.63967e-18,1.44848e-14,1.07485e-10,795606,3.97803e+06,-1.3849e-19,-1.27144e-19,2.043e-15,2.0278e-11,7.76696e-08,1.1495e-07
213,2.14e-05,28.6605,572984,5.72984e+10,0,0,1.06564e-11,3.72973e-08,7533967,3.76698e+07,-2.75262e-18,-1.77858e-18,1.45299e-14,1.07793e-10,797092,3.98546e+06,-1.45421e-19,-2.07739e-19,2.04582e-15,2.02917e-11,7.76748e-08,1.151e-07
214,2.15e-05,28.8877,575207,5.75207e+10,0,0,1.06977e-11,3.7442e-08,7546852,3.77343e+07,-2.77929e-18,-2.04214e-18,1.45416e-14,1.07742e-10,799065,3.99532e+06,-1.16724e-19,-7.21714e-20,2.05027e-15,2.03264e-11,7.76579e-08,1.15228e-07
215,2.16e-05,29.1163,577446,5.77446e+10,0,0,1.07394e-11,3.75878e-08,7567579,3.78379e+07,-2.66356e-18,-1.60145e-18,1.45764e-14,1.07946e-10,800392,4.00196e+06,-1.44139e-19,-1.8774e-19,2.05279e-15,2.03384e-11,7.76749e-08,1.15391e-07
216,2.17e-05,29.343,579676,5.79676e+10,0,0,1.07808e-11,3.77329e-08,7594561,3.79728e+07,-2.74107e-18,-1.79104e-18,1.4629e-14,1.08345e-10,802229,4.01114e+06,-1.67276e-19,-2.53749e-19,2.05697e-15,2.03764e-11,7.76864e-08,1.15548e-07
217,2.18e-05,29.5718,581947,5.81947e+10,0,0,1.08231e-11,3.78807e-08,7622196,3.8111e+07,-2.95433e-18,-1.60863e-18,1.46837e-14,1.08766e-10,803631,4.01816e+06,-1.74926e-19,-2.84417e-19,2.05986e-15,2.03993e-11,7.76836e-08,1.15693e-07
218,2.19e-05,29.8001,584182,5.84182e+10,0,0,1.08646e-11,3.80262e-08,7649583,3.82479e+07,-3.0966e-18,-1.67338e-18,1.47376e-14,1.09177e-10,805300,4.0265e+06,-2.04691e-19,-3.092e-19,2.06354e-15,2.04268e-11,7.76514e-08,1.15807e-07
219,2.2e-05,30.032,586427,5.86427e+10,0,0,1.09064e-11,3.81724e-08,7677058,3.83853e+07,-2.72643e-18,-1.79998e-18,1.47918e-14,1.09591e-10,806589,4.03294e+06,-2.39929e-19,-3.69996e-19,2.06579e-15,2.04388e-11,7.76416e-08,1.15944e-07
220,2.21e-05,30.2645,588691,5.88691e+10,0,0,1.09485e-11,3.83197e-08,7704513,3.85226e+07,-2.71286e-18,-1.5475e-18,1.48461e-14,1.10006e-10,808253,4.04126e+06,-2.30468e-19,-3.32735e-19,2.06927e-15,2.04639e-11,7.76414e-08,1.16092e-07
221,2.22e-05,30.5613,590896,5.90896e+10,0,0,1.09895e-11,3.84633e-08,7729166,3.86458e+07,-2.47315e-18,-1.76651e-18,1.48925e-14,1.10337e-10,809769,4.04884e+06,-1.24717e-19,-3.2183e-19,2.07231e-15,2.04834e-11,7.76414e-08,1.16235e-07
222,2.23e-05,30.7983,593179,5.93179e+10,0,0,1.1032e-11,3.86119e-08,7742363,3.87118e+07,-2.30039e-18,-1.74069e-18,1.49071e-14,1.10334e-10,811309,4.05654e+06,-3.48838e-19,-2.63319e-19,2.0754e-15,2.05041e-11,7.76601e-08,1.16403e-07
223,2.24e-05,31.0335,595442,5.95442e+10,0,0,1.10741e-11,3.87592e-08,7761840,3.88092e+07,-2.45289e-18,-1.64644e-18,1.49393e-14,1.10519e-10,812961,4.0648e+06,-3.15594e-19,-2.38355e-19,2.079e-15,2.05342e-11,7.76521e-08,1.16542e-07
224,2.25e-05,31.269,597685,5.97685e+10,0,0,1.11158e-11,3.89052e-08,7787963,3.89398e+07,-2.62723e-18,-1.70468e-18,1.49899e-14,1.10898e-10,814404,4.07202e+06,-3.51057e-19,-2.9157e-19,2.08209e-15,2.05569e-11,7.76367e-08,1.16673e-07
225,2.26e-05,31.5038,599930,5.9993e+10,0,0,1.11575e-11,3.90513e-08,7814903,3.90745e+07,-2.91292e-18,-1.55739e-18,1.50426e-14,1.11292e-10,816040,4.0802e+06,-4.55057e-19,-3.37558e-19,2.08578e-15,2.05877e-11,7.76266e-08,1.1681e-07
226,2.27e-05,31.7423,602191,6.02191e+10,0,0,1.11996e-11,3.91985e-08,7842084,3.92104e+07,-2.99244e-18,-1.44626e-18,1.50957e-14,1.11695e-10,817217,4.08608e+06,-4.26362e-19,-3.28738e-19,2.0879e-15,2.05983e-11,7.76327e-08,1.16963e-07
227,2.28e-05,31.9812,604471,6.04471e+10,0,0,1.1242e-11,3.93469e-08,7862159,3.93108e+07,-3.042e-18,-1.22759e-18,1.51295e-14,1.11899e-10,818606,4.09303e+06,-4.66681e-19,-2.40516e-19,2.0907e-15,2.06182e-11,7.76404e-08,1.1712e-07
228,2.29e-05,32.2173,606717,6.06717e+10,0,0,1.12837e-11,3.94931e-08,7876568,3.93828e+07,-2.9637e-18,-1.61899e-18,1.51486e-14,1.11953e-10,819951,4.09976e+06,-4.66692e-19,-2.59108e-19,2.0934e-15,2.06368e-11,7.76456e-08,1.17271e-07
229,2.3e-05,32.4558,608972,6.08972e+10,0,0,1.13257e-11,3.96399e-08,7898971,3.94949e+07,-3.09182e-18,-1.62198e-18,1.51895e-14,1.12231e-10,820929,4.10464e+06,-5.07377e-19,-1.00975e-19,2.09507e-15,2.06392e-11,7.76261e-08,1.17399e-07
230,2.31e-05,32.6942,611241,6.11241e+10,0,0,1.13679e-11,3.97876e-08,7926020,3.96301e+07,-3.23961e-18,-1.56979e-18,1.52426e-14,1.12639e-10,822188,4.11094e+06,-4.37271e-19,-6.40969e-20,2.09765e-15,2.06551e-11,7.76197e-08,1.17541e-07
231,2.32e-05,32.9361,613482,6.13482e+10,0,0,1.14096e-11,3.99335e-08,7953037,3.97652e+07,-3.47333e-18,-1.599e-18,1.52956e-14,1.13039e-10,823475,4.11738e+06,-4.94504e-19,-1.13531e-19,2.10026e-15,2.06742e-11,7.76198e-08,1.17687e-07
232,2.33e-05,33.1757,615742,6.15742e+10,0,0,1.14516e-11,4.00806e-08,7976090,3.98804e+07,-3.67899e-18,-1.43483e-18,1.53378e-14,1.13333e-10,824684,4.12342e+06,-5.34307e-19,-1.21583e-19,2.10258e-15,2.06877e-11,7.76282e-08,1.17843e-07
233,2.34e-05,33.4183,617992,6.17992e+10,0,0,1.14934e-11,4.0227e-08,7988831,3.99442e+07,-3.537e-18,-1.7892e-18,1.5353e-14,1.13354e-10,825816,4.12908e+06,-4.99824e-19,-2.51848e-19,2.10478e-15,2.07027e-11,7.76375e-08,1.17999e-07
234,2.35e-05,33.6624,620225,6.20225e+10,0,0,1.1535e-11,4.03724e-08,8009766,4.00488e+07,-3.60485e-18,-1.80406e-18,1.53903e-14,1.13604e-10,826865,4.13432e+06,-4.67286e-19,-3.33824e-19,2.1068e-15,2.07159e-11,7.76397e-08,1.18146e-07
235,2.36e-05,33.9082,622484,6.22484e+10,0,0,1.1577e-11,4.05194e-08,8036297,4.01815e+07,-3.49471e-18,-1.66989e-18,1.54423e-14,1.13997e-10,827928,4.13964e+06,-4.3255e-19,-3.17251e-19,2.10889e-15,2.0731e-11,7.76395e-08,1.18294e-07
236,2.37e-05,34.1502,624705,6.24705e+10,0,0,1.16183e-11,4.0664e-08,8063134,4.03157e+07,-3.46518e-18,-1.68241e-18,1.54949e-14,1.14395e-10,829005,4.14502e+06,-5.02306e-19,-3.13981e-19,2.11093e-15,2.0745e-11,7.76407e-08,1.1844e-07
237,2.38e-05,34.3931,626907,6.26907e+10,0,0,1.16592e-11,4.08073e-08,8084203,4.0421e+07,-3.48453e-18,-1.26008e-18,1.55324e-14,1.14643e-10,829876,4.14938e+06,-6.13945e-19,-3.12572e-19,2.11221e-15,2.0747e-11,7.76442e-08,1.18587e-07
238,2.39e-05,34.6373,629164,6.29164e+10,0,0,1.17012e-11,4.09543e-08,8097670,4.04884e+07,-3.70732e-18,-1.71985e-18,1.55501e-14,1.147e-10,830830,4.15415e+06,-5.01661e-19,-3.64078e-19,2.11382e-15,2.07537e-11,7.76535e-08,1.18743e-07
239,2.4e-05,34.8801,631412,6.31412e+10,0,0,1.1743e-11,4.11006e-08,8119504,4.05975e+07,-3.82049e-18,-1.8929e-18,1.559e-14,1.1498e-10,831794,4.15897e+06,-4.47786e-19,-4.16348e-19,2.11565e-15,2.07659e-11,7.76523e-08,1.18889e-07
240,2.41e-05,35.1242,633676,6.33676e+10,0,0,1.17851e-11,4.1248e-08,8146131,4.07307e+07,-3.95263e-18,-2.04589e-18,1.56422e-14,1.15376e-10,832913,4.16456e+06,-3.61258e-19,-4.02733e-19,2.11784e-15,2.07792e-11,7.76484e-08,1.19033e-07
241,2.42e-05,35.432,635928,6.35928e+10,0,0,1.1827e-11,4.13945e-08,8171820,4.08591e+07,-4.24756e-18,-2.22257e-18,1.56918e-14,1.15746e-10,833707,4.16854e+06,-4.48747e-19,-3.30852e-19,2.11908e-15,2.07817e-11,7.76491e-08,1.1918e-07
242,2.43e-05,35.6835,638170,6.3817e+10,0,0,1.18687e-11,4.15405e-08,8187059,4.09353e+07,-4.3381e-18,-1.77381e-18,1.5715e-14,1.1586e-10,834596,4.17298e+06,-4.30613e-19,-4.1312e-19,2.1205e-15,2.07855e-11,7.7648e-08,1.19325e-07
243,2.44e-05,35.9321,640413,6.40413e+10,0,0,1.19104e-11,4.16865e-08,8202681,4.10134e+07,-4.21411e-18,-1.91845e-18,1.57391e-14,1.15983e-10,835691,4.17846e+06,-5.10944e-19,-3.48224e-19,2.12264e-15,2.08002e-11,7.76494e-08,1.19473e-07
244,2.45e-05,36.1795,642638,6.42638e+10,0,0,1.19518e-11,4.18313e-08,8228383,4.11419e+07,-4.39518e-18,-1.75296e-18,1.57892e-14,1.16362e-10,836695,4.18348e+06,-5.37782e-19,-3.95048e-19,2.12452e-15,2.08107e-11,7.76461e-08,1.19615e-07
245,2.46e-05,36.4273,644877,6.44877e+10,0,0,1.19934e-11,4.19771e-08,8254810,4.1274e+07,-4.65732e-18,-1.6345e-18,1.58409e-14,1.16755e-10,837637,4.18818e+06,-6.07465e-19,-3.48287e-19,2.12622e-15,2.08194e-11,7.76486e-08,1.19763e-07
246,2.47e-05,36.6784,647096,6.47096e+10,0,0,1.20347e-11,4.21215e-08,8272468,4.13623e+07,-4.48989e-18,-1.31289e-18,1.58707e-14,1.1693e-10,838685,4.19342e+06,-6.16504e-19,-3.40715e-19,2.12818e-15,2.08315e-11,7.76478e-08,1.19907e-07
247,2.48e-05,36.9274,649318,6.49318e+10,0,0,1.2076e-11,4.22661e-08,8285557,4.14278e+07,-4.57786e-18,-1.52715e-18,1.58889e-14,1.17004e-10,839683,4.19842e+06,-6.83001e-19,-3.69396e-19,2.13016e-15,2.08436e-11,7.76476e-08,1.20052e-07
248,2.49e-05,37.1758,651577,6.51577e+10,0,0,1.21181e-11,4.24132e-08,8310665,4.15533e+07,-4.50316e-18,-1.4578e-18,1.59376e-14,1.17368e-10,840799,4.204e+06,-5.16643e-19,-3.67596e-19,2.13243e-15,2.08609e-11,7.76423e-08,1.20194e-07
249,2.5e-05,37.4277,653812,6.53812e+10,0,0,1.21596e-11,4.25587e-08,8336880,4.16844e+07,-4.66339e-18,-1.65809e-18,1.59889e-14,1.17756e-10,841904,4.20952e+06,-6.2287e-19,-3.34324e-19,2.13465e-15,2.08794e-11,7.76448e-08,1.20342e-07
250,2.51e-05,37.6795,656032,6.56032e+10,0,0,1.22009e-11,4.27032e-08,8353040,4.17652e+07,-4.60222e-18,-1.66848e-18,1.60149e-14,1.17905e-10,842804,4.21402e+06,-6.00346e-19,-2.38321e-19,2.13622e-15,2.08862e-11,7.76451e-08,1.20487e-07
251,2.52e-05,38.0627,658291,6.58291e+10,0,0,1.22429e-11,4.28502e-08,8367129,4.18356e+07,-4.73686e-18,-1.83441e-18,1.60361e-14,1.18006e-10,843836,4.21918e+06,-6.0655e-19,-2.62014e-19,2.13816e-15,2.08982e-11,7.76421e-08,1.20631e-07
252,2.53e-05,38.3134,660562,6.60562e+10,0,0,1.22852e-11,4.2998e-08,8392613,4.19631e+07,-4.71574e-18,-2.00303e-18,1.60856e-14,1.18379e-10,844804,4.22402e+06,-5.76792e-19,-1.82506e-19,2.14009e-15,2.09131e-11,7.76438e-08,1.20781e-07
253,2.54e-05,38.5656,662806,6.62806e+10,0,0,1.23269e-11,4.31441e-08,8414405,4.2072e+07,-4.68068e-18,-1.80482e-18,1.61261e-14,1.18663e-10,845737,4.22868e+06,-6.14961e-19,-2.41653e-19,2.14182e-15,2.09231e-11,7.7641e-08,1.20925e-07
254,2.55e-05,38.8199,665078,6.65078e+10,0,0,1.23691e-11,4.3292e-08,8426339,4.21317e+07,-4.69236e-18,-1.38531e-18,1.61419e-14,1.18718e-10,846573,4.23286e+06,-6.26597e-19,-2.8051e-19,2.14326e-15,2.09276e-11,7.76456e-08,1.21077e-07
255,2.56e-05,39.0749,667317,6.67317e+10,0,0,1.24108e-11,4.34377e-08,8447823,4.22391e+07,-4.88997e-18,-1.48941e-18,1.61816e-14,1.18999e-10,847450,4.23725e+06,-6.13829e-19,-2.08911e-19,2.14502e-15,2.0939e-11,7.76384e-08,1.21216e-07
256,2.57e-05,39.3293,669565,6.69565e+10,0,0,1.24526e-11,4.35841e-08,8470690,4.23534e+07,-5.07937e-18,-1.41917e-18,1.62249e-14,1.19311e-10,848317,4.24158e+06,-6.09624e-19,-1.45323e-19,2.14667e-15,2.09486e-11,7.76347e-08,1.21359e-07
257,2.58e-05,39.5839,671834,6.71834e+10,0,0,1.24948e-11,4.37318e-08,8483750,4.24188e+07,-5.12332e-18,-1.48021e-18,1.62439e-14,1.19398e-10,849161,4.2458e+06,-6.23403e-19,-4.09327e-21,2.14818e-15,2.09557e-11,7.76389e-08,1.21511e-07
258,2.59e-05,39.8375,674097,6.74097e+10,0,0,1.25369e-11,4.38791e-08,8502255,4.25113e+07,-5.0051e-18,-1.75389e-18,1.62767e-14,1.19615e-10,849997,4.24998e+06,-5.38304e-19,-1.11079e-19,2.14978e-15,2.09673e-11,7.76363e-08,1.21656e-07
259,2.6e-05,40.0929,676327,6.76327e+10,0,0,1.25784e-11,4.40242e-08,8524490,4.26224e+07,-4.87654e-18,-1.59745e-18,1.63182e-14,1.19914e-10,850705,4.25352e+06,-4.65086e-19,-8.39022e-20,2.15098e-15,2.0969e-11,7.76342e-08,1.21799e-07
260,2.61e-05,40.3488,678567,6.78567e+10,0,0,1.262e-11,4.417e-08,8538342,4.26917e+07,-4.87165e-18,-1.63917e-18,1.63395e-14,1.20027e-10,851477,4.25738e+06,-5.4451e-19,-6.71338e-20,2.15236e-15,2.09778e-11,7.76417e-08,1.21953e-07
261,2.62e-05,40.7919,680822,6.80822e+10,0,0,1.2662e-11,4.43168e-08,8556726,4.27836e+07,-5.10936e-18,-1.60192e-18,1.6372e-14,1.20242e-10,852122,4.26061e+06,-5.99158e-19,-8.87224e-21,2.15349e-15,2.09851e-11,7.76357e-08,1.22094e-07
262,2.63e-05,41.048,683039,6.83039e+10,0,0,1.27032e-11,4.44611e-08,8577272,4.28864e+07,-5.25429e-18,-1.59676e-18,1.64098e-14,1.20507e-10,852816,4.26408e+06,-6.65817e-19,7.02982e-20,2.15471e-15,2.09924e-11,7.76378e-08,1.2224e-07
263,2.64e-05,41.305,685251,6.85251e+10,0,0,1.27443e-11,4.46051e-08,8590795,4.2954e+07,-5.23568e-18,-1.39794e-18,1.64308e-14,1.20621e-10,853442,4.26721e+06,-6.03269e-19,-5.82018e-20,2.15568e-15,2.09951e-11,7.76368e-08,1.22384e-07
264,2.65e-05,41.5625,687538,6.87538e+10,0,0,1.27869e-11,4.4754e-08,8610723,4.30536e+07,-5.3755e-18,-1.26622e-18,1.64671e-14,1.20876e-10,854061,4.2703e+06,-6.65777e-19,-3.46729e-20,2.15655e-15,2.09956e-11,7.76414e-08,1.22537e-07
265,2.66e-05,41.8214,689806,6.89806e+10,0,0,1.2829e-11,4.49016e-08,8628512,4.31426e+07,-5.5115e-18,-1.1302e-18,1.64984e-14,1.21081e-10,854672,4.27336e+06,-5.42303e-19,-1.64002e-19,2.15762e-15,2.10005e-11,7.76412e-08,1.22685e-07
266,2.67e-05,42.0817,692070,6.9207e+10,0,0,1.28711e-11,4.5049e-08,8642653,4.32133e+07,-5.71092e-18,-1.13969e-18,1.65211e-14,1.21212e-10,855179,4.2759e+06,-5.97806e-19,-1.44301e-19,2.15828e-15,2.09972e-11,7.76403e-08,1.22832e-07
267,2.68e-05,42.3448,694296,6.94296e+10,0,0,1.29125e-11,4.51939e-08,8662901,4.33145e+07,-5.78606e-18,-8.46081e-19,1.65584e-14,1.21475e-10,856009,4.28004e+06,-6.26688e-19,-4.57431e-20,2.15996e-15,2.10126e-11,7.76459e-08,1.22982e-07
268,2.69e-05,42.6068,696530,6.9653e+10,0,0,1.29541e-11,4.53393e-08,8678280,4.33914e+07,-5.65514e-18,-9.29704e-19,1.65842e-14,1.21632e-10,856600,4.283e+06,-5.93025e-19,3.59119e-20,2.16103e-15,2.1018e-11,7.76435e-08,1.23125e-07
269,2.7e-05,42.8664,698758,6.98758e+10,0,0,1.29955e-11,4.54843e-08,8694779,4.34739e+07,-5.93797e-18,-1.17476e-18,1.66129e-14,1.21821e-10,857086,4.28543e+06,-7.23071e-19,6.53558e-20,2.16164e-15,2.10176e-11,7.76448e-08,1.23272e-07
270,2.71e-05,43.1264,700994,7.00994e+10,0,0,1.30371e-11,4.56299e-08,8712100,4.35605e+07,-6.05332e-18,-1.10355e-18,1.66435e-14,1.22022e-10,857718,4.28859e+06,-6.72042e-19,-6.26615e-20,2.16271e-15,2.10239e-11,7.76444e-08,1.23417e-07
271,2.72e-05,43.3888,703214,7.03214e+10,0,0,1.30784e-11,4.57744e-08,8726245,4.36312e+07,-6.06747e-18,-1.12757e-18,1.66667e-14,1.2216e-10,858386,4.29193e+06,-6.64128e-19,-5.0621e-20,2.16386e-15,2.10291e-11,7.7638e-08,1.23556e-07
272,2.73e-05,43.6525,705521,7.05521e+10,0,0,1.31213e-11,4.59246e-08,8744456,4.37223e+07,-5.82699e-18,-6.32852e-19,1.66997e-14,1.22385e-10,858950,4.29475e+06,-6.5446e-19,-1.01959e-19,2.16483e-15,2.10326e-11,7.76354e-08,1.23703e-07
273,2.74e-05,43.9144,707799,7.07799e+10,0,0,1.31637e-11,4.60728e-08,8759999,4.38e+07,-6.09316e-18,-6.56009e-19,1.67263e-14,1.22554e-10,859541,4.2977e+06,-7.49519e-19,9.6097e-21,2.16584e-15,2.10366e-11,7.76301e-08,1.23847e-07
274,2.75e-05,44.1765,710072,7.10072e+10,0,0,1.32059e-11,4.62208e-08,8775716,4.38786e+07,-6.22848e-18,-3.35874e-19,1.67534e-14,1.22733e-10,860178,4.30089e+06,-8.53575e-19,-1.33419e-21,2.16703e-15,2.10422e-11,7.76292e-08,1.23994e-07
275,2.76e-05,44.4405,712313,7.12313e+10,0,0,1.32476e-11,4.63667e-08,8791681,4.39584e+07,-6.30434e-18,-4.1493e-19,1.6781e-14,1.22913e-10,860983,4.30492e+06,-8.59888e-19,3.91765e-20,2.16865e-15,2.1056e-11,7.76379e-08,1.24149e-07
276,2.77e-05,44.7034,714579,7.14579e+10,0,0,1.32898e-11,4.65142e-08,8805294,4.40265e+07,-6.10688e-18,-3.35001e-19,1.68035e-14,1.2305e-10,861598,4.30799e+06,-7.61125e-19,-6.47273e-20,2.16973e-15,2.1063e-11,7.76398e-08,1.24298e-07
277,2.78e-05,44.9653,716816,7.16816e+10,0,0,1.33314e-11,4.66598e-08,8822200,4.4111e+07,-6.23735e-18,-1.46425e-19,1.68336e-14,1.23256e-10,862221,4.3111e+06,-8.08021e-19,-3.80997e-20,2.17078e-15,2.1069e-11,7.76496e-08,1.24454e-07
278,2.79e-05,45.2297,719058,7.19058e+10,0,0,1.33731e-11,4.68057e-08,8834515,4.41726e+07,-6.3994e-18,-1.68268e-19,1.68533e-14,1.23369e-10,862825,4.31412e+06,-7.38971e-19,7.40666e-20,2.17186e-15,2.10757e-11,7.76475e-08,1.24598e-07
279,2.8e-05,45.4939,721315,7.21315e+10,0,0,1.3415e-11,4.69526e-08,8851476,4.42574e+07,-6.48049e-18,-8.82253e-20,1.68836e-14,1.23575e-10,863404,4.31702e+06,-6.54433e-19,1.00982e-19,2.17285e-15,2.1079e-11,7.76479e-08,1.24745e-07
280,2.81e-05,45.7609,723566,7.23566e+10,0,0,1.34569e-11,4.70992e-08,8863162,4.43158e+07,-6.52702e-18,1.33114e-20,1.6902e-14,1.23675e-10,863914,4.31957e+06,-6.66702e-19,1.80919e-19,2.17382e-15,2.10833e-11,7.76433e-08,1.24887e-07
281,2.82e-05,46.0893,725797,7.25797e+10,0,0,1.34984e-11,4.72444e-08,8880170,4.44008e+07,-6.68395e-18,4.96489e-20,1.69325e-14,1.23885e-10,864463,4.32232e+06,-7.09504e-19,2.72366e-19,2.17478e-15,2.10881e-11,7.76429e-08,1.25032e-07
282,2.83e-05,46.3549,728050,7.2805e+10,0,0,1.35403e-11,4.73911e-08,8891065,4.44553e+07,-6.60709e-18,2.24795e-19,1.69492e-14,1.23972e-10,864961,4.3248e+06,-7.24833e-19,1.99218e-19,2.17562e-15,2.10906e-11,7.76332e-08,1.25169e-07
283,2.84e-05,46.6248,730295,7.30295e+10,0,0,1.35821e-11,4.75372e-08,8907743,4.45387e+07,-6.48785e-18,3.02491e-19,1.6979e-14,1.24174e-10,865531,4.32766e+06,-6.81839e-19,6.61601e-20,2.17661e-15,2.10967e-11,7.76276e-08,1.2531e-07
284,2.85e-05,46.8928,732570,7.3257e+10,0,0,1.36244e-11,4.76853e-08,8918010,4.459e+07,-6.62861e-18,3.82161e-19,1.69943e-14,1.2425e-10,866100,4.3305e+06,-4.92368e-19,2.22781e-19,2.17768e-15,2.11036e-11,7.76211e-08,1.25452e-07
285,2.86e-05,47.1605,734807,7.34807e+10,0,0,1.3666e-11,4.78309e-08,8934261,4.46713e+07,-6.66453e-18,6.33452e-19,1.70233e-14,1.24443e-10,866521,4.3326e+06,-5.03794e-19,2.50868e-19,2.17831e-15,2.11079e-11,7.76199e-08,1.25596e-07
286,2.87e-05,47.4298,737074,7.37074e+10,0,0,1.37081e-11,4.79785e-08,8944288,4.47214e+07,-6.76262e-18,8.46842e-19,1.70385e-14,1.24522e-10,866875,4.33438e+06,-4.69145e-19,3.11208e-19,2.17867e-15,2.11054e-11,7.76188e-08,1.25743e-07
287,2.88e-05,47.7073,739302,7.39302e+10,0,0,1.37496e-11,4.81235e-08,8960174,4.48009e+07,-6.88667e-18,8.96217e-19,1.70669e-14,1.24717e-10,867442,4.33721e+06,-5.6974e-19,2.61672e-19,2.17986e-15,2.11143e-11,7.76219e-08,1.25891e-07
288,2.89e-05,47.9835,741537,7.41537e+10,0,0,1.37911e-11,4.8269e-08,8970121,4.48506e+07,-6.57967e-18,7.85816e-19,1.70819e-14,1.24794e-10,867919,4.3396e+06,-6.02179e-19,4.06709e-19,2.18068e-15,2.11197e-11,7.76244e-08,1.26039e-07
289,2.9e-05,48.2533,743762,7.43762e+10,0,0,1.38325e-11,4.84138e-08,8983866,4.49193e+07,-6.74132e-18,7.82271e-19,1.71056e-14,1.24949e-10,868297,4.34148e+06,-5.33007e-19,3.85459e-19,2.18124e-15,2.11178e-11,7.7627e-08,1.26187e-07
290,2.91e-05,48.5297,746026,7.46026e+10,0,0,1.38746e-11,4.85612e-08,8995866,4.49793e+07,-7.05714e-18,8.82273e-19,1.71255e-14,1.25074e-10,868662,4.34331e+06,-4.95488e-19,3.83036e-19,2.18176e-15,2.11187e-11,7.76313e-08,1.26339e-07
291,2.92e-05,48.8066,748276,7.48276e+10,0,0,1.39165e-11,4.87076e-08,9006478,4.50324e+07,-7.19616e-18,8.75843e-19,1.71425e-14,1.25169e-10,869033,4.34516e+06,-4.84265e-19,4.0346e-19,2.18234e-15,2.11227e-11,7.76279e-08,1.26482e-07
292,2.93e-05,49.0773,750544,7.50544e+10,0,0,1.39586e-11,4.88553e-08,9020879,4.51044e+07,-7.17538e-18,1.02583e-18,1.71679e-14,1.25343e-10,869352,4.34676e+06,-3.86607e-19,4.33312e-19,2.18288e-15,2.11259e-11,7.763e-08,1.26632e-07
293,2.94e-05,49.3471,752804,7.52804e+10,0,0,1.40007e-11,4.90024e-08,9029923,4.51496e+07,-6.925e-18,1.20972e-18,1.71814e-14,1.25414e-10,869602,4.34801e+06,-4.97861e-19,4.41223e-19,2.18306e-15,2.11216e-11,7.76284e-08,1.26777e-07
294,2.95e-05,49.6169,755025,7.55025e+10,0,0,1.4042e-11,4.91469e-08,9043668,4.52183e+07,-6.74836e-18,1.26361e-18,1.72054e-14,1.25574e-10,869939,4.3497e+06,-4.57683e-19,4.03617e-19,2.18372e-15,2.11263e-11,7.76291e-08,1.26923e-07
295,2.96e-05,49.886,757273,7.57273e+10,0,0,1.40838e-11,4.92933e-08,9053687,4.52684e+07,-6.61041e-18,1.32646e-18,1.72212e-14,1.25662e-10,870210,4.35105e+06,-4.31971e-19,4.91799e-19,2.18394e-15,2.11235e-11,7.76248e-08,1.27065e-07
296,2.97e-05,50.1577,759520,7.5952e+10,0,0,1.41256e-11,4.94395e-08,9064404,4.5322e+07,-6.49846e-18,1.18104e-18,1.7239e-14,1.25772e-10,870503,4.35252e+06,-4.54084e-19,4.33229e-19,2.18438e-15,2.11222e-11,7.76248e-08,1.27211e-07
297,2.98e-05,50.4312,761764,7.61764e+10,0,0,1.41673e-11,4.95856e-08,9076285,4.53814e+07,-6.61436e-18,1.174e-18,1.72593e-14,1.25905e-10,870937,4.35468e+06,-4.11977e-19,4.03761e-19,2.18524e-15,2.1129e-11,7.76327e-08,1.27365e-07
298,2.99e-05,50.7085,763966,7.63966e+10,0,0,1.42083e-11,4.97289e-08,9086041,4.54302e+07,-6.83936e-18,1.23804e-18,1.72748e-14,1.25995e-10,871305,4.35652e+06,-4.65042e-19,4.23751e-19,2.18586e-15,2.11351e-11,7.76416e-08,1.27518e-07
299,3e-05,50.995,766225,7.66225e+10,0,0,1.42503e-11,4.9876e-08,9097289,4.54864e+07,-6.8157e-18,1.31229e-18,1.72938e-14,1.26117e-10,871615,4.35808e+06,-3.83108e-19,5.36811e-19,2.18635e-15,2.11395e-11,7.76471e-08,1.2767e-07
300,3.01e-05,51.2815,768499,7.68499e+10,0,0,1.42926e-11,5.0024e-08,9107446,4.55372e+07,-6.76091e-18,1.49697e-18,1.73107e-14,1.26223e-10,871798,4.35899e+06,-3.63743e-19,6.10758e-19,2.18647e-15,2.11362e-11,7.76436e-08,1.27815e-07
301,3.02e-05,51.6231,770757,7.70757e+10,0,0,1.43346e-11,5.0171e-08,9117097,4.55855e+07,-6.95651e-18,1.63833e-18,1.73264e-14,1.26318e-10,872138,4.36069e+06,-3.43421e-19,5.99423e-19,2.18705e-15,2.11399e-11,7.76444e-08,1.27963e-07
302,3.03e-05,51.9041,773018,7.73018e+10,0,0,1.43766e-11,5.03182e-08,9127274,4.56364e+07,-6.69562e-18,1.62299e-18,1.73434e-14,1.26424e-10,872419,4.3621e+06,-3.59166e-19,5.81998e-19,2.18743e-15,2.11397e-11,7.7648e-08,1.28114e-07
303,3.04e-05,52.1841,775281,7.75281e+10,0,0,1.44187e-11,5.04655e-08,9136902,4.56845e+07,-6.67747e-18,1.9267e-18,1.73592e-14,1.26518e-10,872466,4.36233e+06,-2.76535e-19,5.25506e-19,2.18721e-15,2.11329e-11,7.76423e-08,1.28255e-07
304,3.05e-05,52.5009,777585,7.77585e+10,0,0,1.44616e-11,5.06154e-08,9145767,4.57288e+07,-6.76382e-18,1.90898e-18,1.73736e-14,1.26606e-10,872804,4.36402e+06,-3.39674e-19,4.54733e-19,2.18774e-15,2.11348e-11,7.76431e-08,1.28406e-07
305,3.06e-05,52.7806,779830,7.7983e+10,0,0,1.45033e-11,5.07616e-08,9154641,4.57732e+07,-6.82529e-18,2.02013e-18,1.73881e-14,1.26695e-10,873034,4.36517e+06,-3.43626e-19,5.96795e-19,2.18802e-15,2.11343e-11,7.76395e-08,1.28549e-07
306,3.07e-05,53.0627,782109,7.82109e+10,0,0,1.45457e-11,5.09099e-08,9164977,4.58249e+07,-7.11295e-18,2.26179e-18,1.74057e-14,1.26807e-10,873296,4.36648e+06,-2.51087e-19,6.34769e-19,2.18851e-15,2.11392e-11,7.76415e-08,1.28699e-07
307,3.08e-05,53.3752,784307,7.84307e+10,0,0,1.45866e-11,5.1053e-08,9172503,4.58625e+07,-6.99564e-18,2.38987e-18,1.74174e-14,1.26872e-10,873542,4.36771e+06,-2.45802e-19,4.61564e-19,2.18886e-15,2.11402e-11,7.7645e-08,1.28846e-07
308,3.09e-05,53.6564,786605,7.86605e+10,0,0,1.46293e-11,5.12026e-08,9180995,4.5905e+07,-6.92903e-18,2.29196e-18,1.74313e-14,1.26955e-10,873791,4.36896e+06,-4.32619e-19,5.80764e-19,2.18918e-15,2.11408e-11,7.76473e-08,1.28998e-07
309,3.1e-05,53.9297,788863,7.88863e+10,0,0,1.46713e-11,5.13496e-08,9190039,4.59502e+07,-6.86645e-18,2.38812e-18,1.74463e-14,1.27052e-10,874017,4.37008e+06,-4.74818e-19,5.48872e-19,2.18948e-15,2.11416e-11,7.76489e-08,1.29147e-07
310,3.11e-05,54.2027,791132,7.91132e+10,0,0,1.47135e-11,5.14973e-08,9197003,4.5985e+07,-7.01857e-18,2.58027e-18,1.74571e-14,1.27111e-10,874108,4.37054e+06,-3.99496e-19,6.92005e-19,2.18942e-15,2.11365e-11,7.76481e-08,1.29294e-07
311,3.12e-05,54.478,793385,7.93385e+10,0,0,1.47554e-11,5.16439e-08,9205078,4.60254e+07,-7.0227e-18,2.50558e-18,1.74702e-14,1.2719e-10,874251,4.37126e+06,-2.81061e-19,7.11418e-19,2.18959e-15,2.11349e-11,7.76501e-08,1.29442e-07
312,3.13e-05,54.7551,795655,7.95655e+10,0,0,1.47976e-11,5.17917e-08,9212583,4.60629e+07,-6.98038e-18,2.78526e-18,1.74821e-14,1.27262e-10,874465,4.37232e+06,-2.4236e-19,6.78532e-19,2.18994e-15,2.11382e-11,7.76501e-08,1.2959e-07
313,3.14e-05,55.0294,797874,7.97874e+10,0,0,1.48389e-11,5.19361e-08,9219817,4.60991e+07,-6.94186e-18,3.01556e-18,1.74937e-14,1.27329e-10,874618,4.37309e+06,-1.60701e-19,7.53536e-19,2.19008e-15,2.11367e-11,7.76454e-08,1.2973e-07
314,3.15e-05,55.304,800130,8.0013e+10,0,0,1.48808e-11,5.2083e-08,9226639,4.61332e+07,-7.24026e-18,3.17073e-18,1.75045e-14,1.27392e-10,874794,4.37397e+06,-1.58662e-19,6.80318e-19,2.19033e-15,2.11359e-11,7.76394e-08,1.29871e-07
315,3.16e-05,55.5786,802356,8.02356e+10,0,0,1.49222e-11,5.22279e-08,9233649,4.61682e+07,-6.83358e-18,3.00574e-18,1.75159e-14,1.2746e-10,874976,4.37488e+06,-1.15238e-19,6.29221e-19,2.1905e-15,2.11354e-11,7.764e-08,1.30016e-07
316,3.17e-05,55.8631,804616,8.04616e+10,0,0,1.49643e-11,5.2375e-08,9239853,4.61993e+07,-6.60832e-18,3.17285e-18,1.75256e-14,1.27517e-10,875176,4.37588e+06,-1.62137e-19,6.50824e-19,2.19082e-15,2.11364e-11,7.76384e-08,1.30162e-07
317,3.18e-05,56.147,806832,8.06832e+10,0,0,1.50055e-11,5.25192e-08,9246856,4.62343e+07,-6.78509e-18,3.47578e-18,1.7537e-14,1.27586e-10,875416,4.37708e+06,-1.21341e-19,8.82129e-19,2.19131e-15,2.11402e-11,7.76357e-08,1.30304e-07
318,3.19e-05,56.4446,809084,8.09084e+10,0,0,1.50474e-11,5.26658e-08,9253092,4.62655e+07,-6.63363e-18,3.77847e-18,1.75469e-14,1.27642e-10,875652,4.37826e+06,-1.03081e-19,8.05443e-19,2.19172e-15,2.11439e-11,7.76362e-08,1.30451e-07
319,3.2e-05,56.7324,811307,8.11307e+10,0,0,1.50887e-11,5.28105e-08,9258731,4.62937e+07,-6.6971e-18,3.84995e-18,1.75556e-14,1.27689e-10,875807,4.37904e+06,-3.64942e-20,8.1596e-19,2.19192e-15,2.11446e-11,7.76383e-08,1.30598e-07
320,3.21e-05,57.0223,813565,8.13565e+10,0,0,1.51307e-11,5.29575e-08,9264534,4.63227e+07,-6.80295e-18,4.0204e-18,1.75649e-14,1.27742e-10,875888,4.37944e+06,-2.0528e-19,9.27204e-19,2.19201e-15,2.11435e-11,7.76325e-08,1.30739e-07
321,3.22e-05,57.3889,815785,8.15785e+10,0,0,1.5172e-11,5.3102e-08,9270554,4.63528e+07,-6.76843e-18,3.98733e-18,1.75745e-14,1.27801e-10,875880,4.3794e+06,-7.51948e-20,9.84447e-19,2.19185e-15,2.11385e-11,7.76322e-08,1.30883e-07
322,3.23e-05,57.6902,818025,8.18025e+10,0,0,1.52137e-11,5.32478e-08,9275729,4.63786e+07,-6.84008e-18,3.98678e-18,1.75825e-14,1.27847e-10,875987,4.37994e+06,-3.42631e-20,8.94766e-19,2.19196e-15,2.11386e-11,7.76334e-08,1.3103e-07
323,3.24e-05,57.9738,820262,8.20262e+10,0,0,1.52553e-11,5.33934e-08,9280847,4.64042e+07,-6.47491e-18,3.99857e-18,1.75906e-14,1.27894e-10,876056,4.38028e+06,-5.80306e-20,8.68066e-19,2.19203e-15,2.11381e-11,7.76325e-08,1.31175e-07
324,3.25e-05,58.2545,822536,8.22536e+10,0,0,1.52976e-11,5.35414e-08,9285850,4.64292e+07,-6.46256e-18,4.25372e-18,1.75986e-14,1.27944e-10,876166,4.38083e+06,-7.15156e-20,8.59657e-19,2.19207e-15,2.11365e-11,7.76364e-08,1.31327e-07
325,3.26e-05,58.5323,824792,8.24792e+10,0,0,1.53395e-11,5.36883e-08,9290989,4.64549e+07,-6.24162e-18,4.37736e-18,1.76067e-14,1.27992e-10,876167,4.38084e+06,6.75644e-21,8.83719e-19,2.19186e-15,2.11322e-11,7.76381e-08,1.31476e-07
326,3.27e-05,58.8105,827070,8.2707e+10,0,0,1.53819e-11,5.38366e-08,9295722,4.64786e+07,-5.84989e-18,4.72295e-18,1.76139e-14,1.28034e-10,876333,4.38166e+06,-6.3183e-20,8.25833e-19,2.19216e-15,2.11332e-11,7.76412e-08,1.31627e-07
327,3.28e-05,59.0893,829324,8.29324e+10,0,0,1.54238e-11,5.39833e-08,9299705,4.64985e+07,-5.72984e-18,4.91585e-18,1.76199e-14,1.28066e-10,876544,4.38272e+06,-1.51946e-19,7.2426e-19,2.19251e-15,2.11347e-11,7.76368e-08,1.31769e-07
328,3.29e-05,59.3681,831543,8.31543e+10,0,0,1.54651e-11,5.41277e-08,9303964,4.65198e+07,-5.65741e-18,5.1334e-18,1.76268e-14,1.28106e-10,876670,4.38335e+06,-1.53023e-19,8.25557e-19,2.19279e-15,2.11369e-11,7.76331e-08,1.3191e-07
329,3.3e-05,59.6512,833809,8.33809e+10,0,0,1.55072e-11,5.42752e-08,9308244,4.65412e+07,-5.69788e-18,5.18853e-18,1.76334e-14,1.28148e-10,876794,4.38397e+06,-1.28405e-19,1.0289e-18,2.19292e-15,2.11361e-11,7.7633e-08,1.32058e-07
330,3.31e-05,59.9283,836076,8.36076e+10,0,0,1.55494e-11,5.44228e-08,9312106,4.65605e+07,-5.71664e-18,5.25789e-18,1.76394e-14,1.28179e-10,876894,4.38447e+06,-1.04927e-19,9.84422e-19,2.1931e-15,2.11377e-11,7.76302e-08,1.32202e-07
331,3.32e-05,60.2075,838287,8.38287e+10,0,0,1.55905e-11,5.45667e-08,9315082,4.65754e+07,-5.43354e-18,5.43351e-18,1.76436e-14,1.28202e-10,877127,4.38564e+06,-8.51219e-20,9.80812e-19,2.19359e-15,2.1145e-11,7.76347e-08,1.32351e-07
332,3.33e-05,60.4872,840563,8.40563e+10,0,0,1.56328e-11,5.47149e-08,9318688,4.65934e+07,-5.43283e-18,5.48294e-18,1.76493e-14,1.28237e-10,877126,4.38563e+06,-2.55987e-20,1.06262e-18,2.19344e-15,2.11413e-11,7.76376e-08,1.32502e-07
333,3.34e-05,60.7704,842794,8.42794e+10,0,0,1.56743e-11,5.48601e-08,9322271,4.66114e+07,-5.47561e-18,5.44465e-18,1.7655e-14,1.28269e-10,877272,4.38636e+06,1.7411e-20,1.11166e-18,2.19361e-15,2.11411e-11,7.76375e-08,1.32647e-07
334,3.35e-05,61.052,845037,8.45037e+10,0,0,1.5716e-11,5.50061e-08,9324853,4.66243e+07,-5.23744e-18,5.7961e-18,1.76587e-14,1.28284e-10,877423,4.38712e+06,2.61546e-20,1.21747e-18,2.19389e-15,2.11437e-11,7.76356e-08,1.32791e-07
335,3.36e-05,61.3315,847283,8.47283e+10,0,0,1.57578e-11,5.51523e-08,9326760,4.66338e+07,-5.16541e-18,5.89327e-18,1.76611e-14,1.28293e-10,877626,4.38813e+06,3.59082e-20,1.18529e-18,2.19444e-15,2.11505e-11,7.76363e-08,1.32938e-07
336,3.37e-05,61.6129,849567,8.49567e+10,0,0,1.58003e-11,5.5301e-08,9329743,4.66487e+07,-5.02424e-18,5.86726e-18,1.76657e-14,1.28319e-10,877630,4.38815e+06,5.62436e-20,1.15872e-18,2.1944e-15,2.11475e-11,7.76315e-08,1.33082e-07
337,3.38e-05,61.8936,851788,8.51788e+10,0,0,1.58416e-11,5.54455e-08,9332446,4.66622e+07,-4.98439e-18,5.81681e-18,1.76698e-14,1.2834e-10,877766,4.38883e+06,7.14504e-20,1.30615e-18,2.1946e-15,2.11473e-11,7.76257e-08,1.33221e-07
338,3.39e-05,62.1743,854030,8.5403e+10,0,0,1.58833e-11,5.55915e-08,9335413,4.66771e+07,-4.70045e-18,5.91395e-18,1.76746e-14,1.28372e-10,877819,4.3891e+06,-1.29318e-20,1.27777e-18,2.19464e-15,2.11462e-11,7.76282e-08,1.33369e-07
339,3.4e-05,62.458,856266,8.56266e+10,0,0,1.59249e-11,5.5737e-08,9337763,4.66888e+07,-4.77142e-18,6.37196e-18,1.7678e-14,1.2839e-10,877832,4.38916e+06,1.98504e-20,1.29066e-18,2.19462e-15,2.11447e-11,7.76293e-08,1.33516e-07
340,3.41e-05,62.7375,858480,8.5848e+10,0,0,1.5966e-11,5.58811e-08,9339968,4.66998e+07,-4.82306e-18,6.64211e-18,1.76816e-14,1.28416e-10,877942,4.38971e+06,-1.29121e-19,1.27047e-18,2.19477e-15,2.11436e-11,7.7631e-08,1.33662e-07
341,3.42e-05,63.0877,860715,8.60715e+10,0,0,1.60076e-11,5.60266e-08,9341619,4.67081e+07,-4.64526e-18,6.81892e-18,1.76838e-14,1.28427e-10,878100,4.3905e+06,-1.83734e-19,1.31578e-18,2.19519e-15,2.11477e-11,7.76337e-08,1.3381e-07
342,3.43e-05,63.3742,862925,8.62925e+10,0,0,1.60487e-11,5.61705e-08,9343274,4.67164e+07,-4.6353e-18,6.71981e-18,1.7686e-14,1.28433e-10,878202,4.39101e+06,-1.16172e-19,1.25924e-18,2.19549e-15,2.11529e-11,7.76319e-08,1.33952e-07
343,3.44e-05,63.6602,865168,8.65168e+10,0,0,1.60904e-11,5.63165e-08,9344582,4.67229e+07,-4.52208e-18,6.89201e-18,1.76876e-14,1.28438e-10,878282,4.39141e+06,-1.36713e-19,1.29256e-18,2.19556e-15,2.11524e-11,7.76361e-08,1.34102e-07
344,3.45e-05,63.9461,867394,8.67394e+10,0,0,1.61318e-11,5.64614e-08,9346173,4.67309e+07,-4.43211e-18,7.12658e-18,1.76899e-14,1.28449e-10,878416,4.39208e+06,-1.04308e-19,1.21672e-18,2.19588e-15,2.1158e-11,7.76396e-08,1.34251e-07
345,3.46e-05,64.2297,869671,8.69671e+10,0,0,1.61742e-11,5.66096e-08,9347790,4.6739e+07,-4.36943e-18,7.33225e-18,1.76923e-14,1.28463e-10,878412,4.39206e+06,-5.27593e-21,1.21749e-18,2.19587e-15,2.11593e-11,7.7641e-08,1.344e-07
346,3.47e-05,64.5149,871898,8.71898e+10,0,0,1.62156e-11,5.67546e-08,9349328,4.67466e+07,-4.20569e-18,7.55585e-18,1.76946e-14,1.28479e-10,878425,4.39212e+06,7.68503e-21,1.30338e-18,2.1958e-15,2.11568e-11,7.76486e-08,1.34553e-07
347,3.48e-05,64.7994,874145,8.74145e+10,0,0,1.62574e-11,5.69008e-08,9350480,4.67524e+07,-4.14271e-18,7.59603e-18,1.7696e-14,1.28484e-10,878440,4.3922e+06,-6.19666e-20,1.23985e-18,2.19572e-15,2.1156e-11,7.76521e-08,1.34703e-07
348,3.49e-05,65.0836,876402,8.76402e+10,0,0,1.62994e-11,5.70477e-08,9351572,4.67579e+07,-4.43984e-18,7.78365e-18,1.76975e-14,1.28491e-10,878346,4.39173e+06,3.48472e-20,1.3275e-18,2.19547e-15,2.11526e-11,7.7652e-08,1.34849e-07
349,3.5e-05,65.3687,878701,8.78701e+10,0,0,1.63421e-11,5.71974e-08,9352020,4.67601e+07,-4.46511e-18,7.8776e-18,1.76977e-14,1.28485e-10,878305,4.39152e+06,-1.12084e-20,1.40039e-18,2.19537e-15,2.11538e-11,7.76477e-08,1.34995e-07
350,3.51e-05,65.6527,880948,8.80948e+10,0,0,1.63839e-11,5.73437e-08,9353175,4.67659e+07,-4.30001e-18,8.12417e-18,1.76995e-14,1.28496e-10,878122,4.39061e+06,-5.50234e-20,1.48886e-18,2.19485e-15,2.1147e-11,7.76449e-08,1.35138e-07
351,3.52e-05,65.9387,883252,8.83252e+10,0,0,1.64268e-11,5.74936e-08,9354335,4.67717e+07,-4.1722e-18,8.09474e-18,1.77011e-14,1.28501e-10,877987,4.38994e+06,-3.46639e-20,1.66089e-18,2.19448e-15,2.11419e-11,7.764e-08,1.35283e-07
352,3.53e-05,66.2214,885500,8.855e+10,0,0,1.64686e-11,5.764e-08,9355499,4.67775e+07,-3.9676e-18,8.36402e-18,1.77029e-14,1.28513e-10,877942,4.38971e+06,2.95724e-20,1.74576e-18,2.19424e-15,2.1135e-11,7.76385e-08,1.35428e-07
353,3.54e-05,66.5103,887757,8.87757e+10,0,0,1.65105e-11,5.77869e-08,9356217,4.67811e+07,-3.61362e-18,8.47923e-18,1.77039e-14,1.28515e-10,877941,4.3897e+06,5.65431e-20,1.76004e-18,2.19426e-15,2.11368e-11,7.7638e-08,1.35574e-07
354,3.55e-05,66.8016,890048,8.90048e+10,0,0,1.65531e-11,5.7936e-08,9356810,4.6784e+07,-3.44844e-18,8.57035e-18,1.77047e-14,1.28517e-10,877925,4.38962e+06,-2.22649e-20,1.78322e-18,2.19418e-15,2.11358e-11,7.76381e-08,1.35724e-07
355,3.56e-05,67.0849,892299,8.92299e+10,0,0,1.6595e-11,5.80825e-08,9357968,4.67898e+07,-3.30731e-18,8.94892e-18,1.77064e-14,1.28532e-10,877990,4.38995e+06,-7.53834e-20,1.74932e-18,2.19446e-15,2.11407e-11,7.76472e-08,1.35879e-07
356,3.57e-05,67.3728,894541,8.94541e+10,0,0,1.66367e-11,5.82285e-08,9358676,4.67934e+07,-3.14979e-18,8.99498e-18,1.77074e-14,1.28533e-10,878010,4.39005e+06,-6.74752e-20,1.73136e-18,2.19444e-15,2.1139e-11,7.7644e-08,1.36022e-07
357,3.58e-05,67.6594,896789,8.96789e+10,0,0,1.66785e-11,5.83748e-08,9359203,4.6796e+07,-3.39814e-18,9.37345e-18,1.77083e-14,1.28542e-10,877909,4.38954e+06,-9.26199e-20,1.77833e-18,2.19415e-15,2.11373e-11,7.76489e-08,1.36173e-07
358,3.59e-05,67.9455,899038,8.99038e+10,0,0,1.67203e-11,5.85212e-08,9359599,4.6798e+07,-3.29531e-18,9.5986e-18,1.77088e-14,1.28546e-10,877927,4.38964e+06,4.28696e-21,1.80481e-18,2.19418e-15,2.1138e-11,7.76473e-08,1.36318e-07
359,3.6e-05,68.2336,901287,9.01287e+10,0,0,1.67622e-11,5.86676e-08,9360097,4.68005e+07,-3.15612e-18,9.60035e-18,1.77097e-14,1.28551e-10,877830,4.38915e+06,1.05878e-19,1.83202e-18,2.19387e-15,2.11342e-11,7.76427e-08,1.3646e-07
360,3.61e-05,68.5189,903590,9.0359e+10,0,0,1.6805e-11,5.88175e-08,9360693,4.68035e+07,-3.14094e-18,9.94118e-18,1.77107e-14,1.28556e-10,877875,4.38938e+06,6.32448e-20,1.7563e-18,2.19397e-15,2.1134e-11,7.76333e-08,1.36601e-07
361,3.62e-05,68.8694,905845,9.05845e+10,0,0,1.68469e-11,5.89643e-08,9361167,4.68058e+07,-2.99752e-18,1.00857e-17,1.77115e-14,1.28562e-10,877772,4.38886e+06,-5.51713e-20,1.65221e-18,2.19357e-15,2.11256e-11,7.76273e-08,1.36741e-07
362,3.63e-05,69.1524,908108,9.08108e+10,0,0,1.6889e-11,5.91116e-08,9361683,4.68084e+07,-2.83258e-18,1.00975e-17,1.77123e-14,1.28567e-10,877783,4.38892e+06,-1.77392e-19,1.7243e-18,2.19359e-15,2.11268e-11,7.76264e-08,1.36888e-07
363,3.64e-05,69.4342,910344,9.10344e+10,0,0,1.69306e-11,5.92571e-08,9362703,4.68135e+07,-2.48081e-18,9.98633e-18,1.77142e-14,1.28579e-10,877790,4.38895e+06,-3.56375e-20,1.68923e-18,2.19373e-15,2.11284e-11,7.7623e-08,1.3703e-07
364,3.65e-05,69.719,912564,9.12564e+10,0,0,1.69719e-11,5.94016e-08,9363256,4.68163e+07,-2.3188e-18,1.02696e-17,1.77149e-14,1.2858e-10,877861,4.3893e+06,-9.96483e-20,1.81499e-18,2.1939e-15,2.11317e-11,7.76243e-08,1.37176e-07
365,3.66e-05,70.003,914822,9.14822e+10,0,0,1.70139e-11,5.95486e-08,9364068,4.68203e+07,-2.03766e-18,1.03654e-17,1.77167e-14,1.28596e-10,877921,4.3896e+06,-1.73877e-19,1.74429e-18,2.19406e-15,2.11351e-11,7.76267e-08,1.37325e-07
366,3.67e-05,70.287,917054,9.17054e+10,0,0,1.70554e-11,5.96939e-08,9364647,4.68232e+07,-1.98771e-18,1.061e-17,1.77178e-14,1.28608e-10,877944,4.38972e+06,-2.07787e-19,1.80405e-18,2.19412e-15,2.11341e-11,7.76291e-08,1.37473e-07
367,3.68e-05,70.5755,919293,9.19293e+10,0,0,1.7097e-11,5.98397e-08,9364731,4.68237e+07,-1.81822e-18,1.06388e-17,1.77179e-14,1.28605e-10,878073,4.39036e+06,-1.71937e-19,1.93337e-18,2.19441e-15,2.11393e-11,7.76309e-08,1.3762e-07
368,3.69e-05,70.8661,921515,9.21515e+10,0,0,1.71384e-11,5.99843e-08,9364622,4.68231e+07,-1.80706e-18,1.10525e-17,1.77177e-14,1.28604e-10,878046,4.39023e+06,-1.20367e-19,1.91854e-18,2.19435e-15,2.11373e-11,7.76274e-08,1.37761e-07
369,3.7e-05,71.1521,923788,9.23788e+10,0,0,1.71806e-11,6.01322e-08,9364290,4.68214e+07,-1.92562e-18,1.10664e-17,1.77168e-14,1.28599e-10,878070,4.39035e+06,-1.25921e-19,1.90588e-18,2.19431e-15,2.11365e-11,7.76352e-08,1.37917e-07
370,3.71e-05,71.4401,926052,9.26052e+10,0,0,1.72227e-11,6.02796e-08,9364099,4.68205e+07,-1.95013e-18,1.11461e-17,1.77164e-14,1.28594e-10,878065,4.39032e+06,-2.44015e-19,1.86062e-18,2.19424e-15,2.1135e-11,7.76326e-08,1.38062e-07
371,3.72e-05,71.7256,928280,9.2828e+10,0,0,1.72642e-11,6.04246e-08,9364098,4.68205e+07,-1.99772e-18,1.128e-17,1.77164e-14,1.28594e-10,878165,4.39082e+06,-2.92637e-19,1.81702e-18,2.19448e-15,2.11366e-11,7.76326e-08,1.38207e-07
372,3.73e-05,72.0086,930564,9.30564e+10,0,0,1.73067e-11,6.05733e-08,9363750,4.68188e+07,-2.2107e-18,1.14747e-17,1.77154e-14,1.28583e-10,878250,4.39125e+06,-3.18917e-19,1.71263e-18,2.19474e-15,2.1141e-11,7.76342e-08,1.38357e-07
373,3.74e-05,72.2906,932818,9.32818e+10,0,0,1.73486e-11,6.072e-08,9363358,4.68168e+07,-2.242e-18,1.15821e-17,1.77145e-14,1.28577e-10,878465,4.39232e+06,-3.0363e-19,1.77613e-18,2.19529e-15,2.11461e-11,7.76351e-08,1.38505e-07
374,3.75e-05,72.5747,935055,9.35055e+10,0,0,1.73902e-11,6.08657e-08,9362865,4.68143e+07,-2.37882e-18,1.15947e-17,1.77134e-14,1.28567e-10,878408,4.39204e+06,-3.40891e-19,1.74372e-18,2.19525e-15,2.11467e-11,7.76388e-08,1.38654e-07
375,3.76e-05,72.8598,937284,9.37284e+10,0,0,1.74316e-11,6.10107e-08,9362850,4.68142e+07,-2.4095e-18,1.14208e-17,1.77134e-14,1.28568e-10,878467,4.39234e+06,-4.03909e-19,1.66686e-18,2.19545e-15,2.1148e-11,7.76378e-08,1.38798e-07
376,3.77e-05,73.1446,939548,9.39548e+10,0,0,1.74737e-11,6.11581e-08,9362879,4.68144e+07,-2.36684e-18,1.1385e-17,1.77135e-14,1.28571e-10,878442,4.39221e+06,-3.15768e-19,1.71777e-18,2.19538e-15,2.1149e-11,7.7636e-08,1.38944e-07
377,3.78e-05,73.4316,941768,9.41768e+10,0,0,1.7515e-11,6.13026e-08,9363097,4.68155e+07,-2.24912e-18,1.14466e-17,1.77138e-14,1.28574e-10,878482,4.39241e+06,-2.77274e-19,1.76737e-18,2.19541e-15,2.11495e-11,7.76336e-08,1.39086e-07
378,3.79e-05,73.7217,944029,9.44029e+10,0,0,1.75571e-11,6.14498e-08,9363066,4.68153e+07,-2.41282e-18,1.15943e-17,1.77136e-14,1.28571e-10,878433,4.39216e+06,-2.42393e-19,1.74656e-18,2.19521e-15,2.11442e-11,7.76305e-08,1.3923e-07
379,3.8e-05,74.0125,946256,9.46256e+10,0,0,1.75985e-11,6.15948e-08,9363030,4.68152e+07,-2.35298e-18,1.17645e-17,1.77135e-14,1.28568e-10,878570,4.39285e+06,-2.30924e-19,1.66491e-18,2.1955e-15,2.11452e-11,7.76312e-08,1.39376e-07
380,3.81e-05,74.3001,948525,9.48525e+10,0,0,1.76407e-11,6.17425e-08,9362801,4.6814e+07,-2.21295e-18,1.17461e-17,1.7713e-14,1.28566e-10,878693,4.39346e+06,-1.77757e-19,1.76621e-18,2.19584e-15,2.11499e-11,7.76315e-08,1.39524e-07
381,3.82e-05,74.6606,950761,9.50761e+10,0,0,1.76823e-11,6.1888e-08,9362577,4.68129e+07,-2.31573e-18,1.19817e-17,1.77124e-14,1.28562e-10,878771,4.39386e+06,-2.69965e-19,1.84943e-18,2.19606e-15,2.11521e-11,7.76327e-08,1.3967e-07
382,3.83e-05,74.949,953028,9.53028e+10,0,0,1.77244e-11,6.20356e-08,9362354,4.68118e+07,-2.3235e-18,1.18276e-17,1.7712e-14,1.28559e-10,878772,4.39386e+06,-1.8137e-19,1.82876e-18,2.19608e-15,2.11512e-11,7.7632e-08,1.39817e-07
383,3.84e-05,75.2407,955235,9.55235e+10,0,0,1.77655e-11,6.21792e-08,9362142,4.68107e+07,-1.94286e-18,1.19437e-17,1.77116e-14,1.28555e-10,878740,4.3937e+06,-1.80891e-19,1.88773e-18,2.19595e-15,2.11504e-11,7.76361e-08,1.39965e-07
384,3.85e-05,75.5315,957456,9.57456e+10,0,0,1.78068e-11,6.23238e-08,9361404,4.6807e+07,-2.05136e-18,1.18958e-17,1.771e-14,1.28542e-10,878913,4.39456e+06,-9.22572e-20,1.87356e-18,2.19645e-15,2.11581e-11,7.76398e-08,1.40113e-07
385,3.86e-05,75.8231,959704,9.59704e+10,0,0,1.78486e-11,6.24701e-08,9361114,4.68056e+07,-2.33027e-18,1.18601e-17,1.77092e-14,1.28537e-10,878861,4.3943e+06,-6.90389e-20,1.90916e-18,2.19644e-15,2.11582e-11,7.76411e-08,1.40261e-07
386,3.87e-05,76.1089,962006,9.62006e+10,0,0,1.78914e-11,6.262e-08,9360508,4.68025e+07,-2.30243e-18,1.18037e-17,1.7708e-14,1.28521e-10,878870,4.39435e+06,-3.63329e-20,1.6875e-18,2.19647e-15,2.11592e-11,7.76355e-08,1.40405e-07
387,3.88e-05,76.3987,964272,9.64272e+10,0,0,1.79336e-11,6.27675e-08,9360148,4.68007e+07,-2.23822e-18,1.1671e-17,1.77073e-14,1.28517e-10,878914,4.39457e+06,7.14858e-20,1.62724e-18,2.19658e-15,2.11608e-11,7.76383e-08,1.40555e-07
388,3.89e-05,76.6912,966522,9.66522e+10,0,0,1.79754e-11,6.29139e-08,9359736,4.67987e+07,-2.07674e-18,1.19447e-17,1.77066e-14,1.28513e-10,878742,4.39371e+06,2.50048e-20,1.52092e-18,2.19604e-15,2.11565e-11,7.76397e-08,1.40703e-07
389,3.9e-05,76.979,968791,9.68791e+10,0,0,1.80176e-11,6.30616e-08,9359276,4.67964e+07,-2.32923e-18,1.20144e-17,1.77055e-14,1.28506e-10,878644,4.39322e+06,-1.8178e-20,1.60611e-18,2.1957e-15,2.11494e-11,7.76404e-08,1.40852e-07
390,3.91e-05,77.265,971045,9.71045e+10,0,0,1.80595e-11,6.32084e-08,9358997,4.6795e+07,-2.01772e-18,1.20936e-17,1.7705e-14,1.28502e-10,878747,4.39374e+06,-5.10818e-20,1.62482e-18,2.19604e-15,2.11528e-11,7.76356e-08,1.40994e-07
391,3.92e-05,77.5571,973276,9.73276e+10,0,0,1.8101e-11,6.33536e-08,9358846,4.67942e+07,-2.19689e-18,1.24491e-17,1.77048e-14,1.28501e-10,878669,4.39334e+06,3.96817e-20,1.58552e-18,2.19588e-15,2.11526e-11,7.7639e-08,1.41142e-07
392,3.93e-05,77.8521,975529,9.75529e+10,0,0,1.81429e-11,6.35002e-08,9358506,4.67925e+07,-2.34836e-18,1.25834e-17,1.7704e-14,1.28491e-10,878602,4.39301e+06,-1.09525e-19,1.66423e-18,2.19575e-15,2.11513e-11,7.76368e-08,1.41287e-07
393,3.94e-05,78.1426,977773,9.77773e+10,0,0,1.81847e-11,6.36463e-08,9358290,4.67914e+07,-2.09702e-18,1.26969e-17,1.77037e-14,1.28494e-10,878577,4.39288e+06,-5.94373e-20,1.76616e-18,2.19571e-15,2.11487e-11,7.76362e-08,1.41432e-07
394,3.95e-05,78.4342,980005,9.80005e+10,0,0,1.82262e-11,6.37916e-08,9358051,4.67903e+07,-2.07971e-18,1.2379e-17,1.77033e-14,1.28496e-10,878576,4.39288e+06,-1.80433e-19,1.79762e-18,2.19576e-15,2.11499e-11,7.76422e-08,1.41583e-07
395,3.96e-05,78.7298,982268,9.82268e+10,0,0,1.82683e-11,6.39389e-08,9358035,4.67902e+07,-2.21468e-18,1.22761e-17,1.77032e-14,1.28493e-10,878539,4.3927e+06,-1.05795e-19,1.78314e-18,2.19572e-15,2.11484e-11,7.76357e-08,1.41724e-07
396,3.97e-05,79.0202,984532,9.84532e+10,0,0,1.83104e-11,6.40863e-08,9357576,4.67879e+07,-2.13366e-18,1.1955e-17,1.77022e-14,1.28481e-10,878612,4.39306e+06,-2.00937e-19,1.73162e-18,2.196e-15,2.11536e-11,7.7631e-08,1.41867e-07
397,3.98e-05,79.3075,986739,9.86739e+10,0,0,1.83514e-11,6.42299e-08,9357262,4.67863e+07,-2.17235e-18,1.18327e-17,1.77016e-14,1.28477e-10,878543,4.39272e+06,-2.03189e-19,1.6345e-18,2.19584e-15,2.11523e-11,7.76288e-08,1.42008e-07
398,3.99e-05,79.5958,989029,9.89029e+10,0,0,1.8394e-11,6.4379e-08,9357129,4.67856e+07,-2.30247e-18,1.2019e-17,1.77013e-14,1.28477e-10,878529,4.39264e+06,-9.79374e-20,1.77134e-18,2.19569e-15,2.11512e-11,7.76331e-08,1.42162e-07
399,4e-05,79.8852,991268,9.91268e+10,0,0,1.84356e-11,6.45247e-08,9356630,4.67832e+07,-2.32978e-18,1.2055e-17,1.77004e-14,1.28469e-10,878529,4.39264e+06,7.38579e-20,1.82791e-18,2.19562e-15,2.11512e-11,7.76339e-08,1.42308e-07
400,4.01e-05,80.2351,993477,9.93477e+10,0,0,1.84767e-11,6.46685e-08,9356189,4.67809e+07,-2.27359e-18,1.21066e-17,1.76998e-14,1.28466e-10,878521,4.3926e+06,-2.22092e-20,1.79047e-18,2.19566e-15,2.11514e-11,7.763e-08,1.42448e-07
